country_name,V45,V46,V47,V48,V49,V50,V51,V52,V53,V54,V55,V56,V95,V96,V97,V98,V99,V100,V101,V102,V103,V104,V105,V106,V107,V108,V109,V110,V111,V112,V113,V114,V115,V116,V117,V118,V119,V120,V121,V122,V123,V124,V127,V128,V129,V130,V131,V132,V133,V134,V135,V136,V137,V138,V139,V140
12.0,1.4841666666666666,-4.0,1.5916666666666666,1.5141666666666667,1.0533333333333332,1.7175,1.6816666666666666,2.4883333333333333,1.9366666666666668,1.6433333333333333,6.401666666666666,5.101666666666667,2.035,5.940833333333333,5.304166666666666,3.3408333333333333,3.11,3.8658333333333332,5.114166666666667,1.1516666666666666,2.215,2.2241666666666666,3.1475,2.8158333333333334,2.66,1.6575,1.9916666666666667,2.4125,2.3116666666666665,1.8225,2.098333333333333,2.0241666666666664,2.1141666666666667,2.2108333333333334,2.0083333333333333,2.09,1.9708333333333334,1.9883333333333333,1.8558333333333332,1.7675,1.9875,1.98,2.105,1.7808333333333333,1.795,1.1125,4.525,3.950833333333333,6.791666666666667,6.081666666666667,2.9141666666666666,5.58,5.469166666666666,4.699166666666667,6.1525,7.424166666666666
31.0,1.3333333333333333,1.1506986027944113,1.9171656686626746,1.9141716566866267,1.6007984031936129,2.378243512974052,2.090818363273453,2.758483033932136,2.007984031936128,1.9970059880239521,7.273453093812376,5.365269461077844,5.902195608782435,5.888223552894211,5.12375249500998,5.144710578842315,4.282435129740519,6.465069860279441,7.0359281437125745,1.4540918163672654,2.4660678642714573,2.524950099800399,3.463073852295409,2.7015968063872258,2.759481037924152,2.720558882235529,1.9740518962075848,2.6027944111776447,2.36626746506986,2.693612774451098,2.348303393213573,2.3862275449101795,1.8233532934131738,2.6726546906187623,2.230538922155689,2.280439121756487,2.1956087824351296,2.4451097804391217,2.3612774451097804,2.6397205588822357,2.5728542914171655,2.6776447105788423,2.7934131736526946,2.1057884231536925,3.100798403193613,1.7295409181636727,6.812375249500998,3.643712574850299,7.418163672654691,7.5119760479041915,4.315369261477046,7.362275449101796,6.73253493013972,5.790419161676646,7.027944111776447,8.036926147704591
32.0,2.5116504854368933,1.7912621359223302,2.225242718446602,1.4805825242718447,1.8844660194174758,-4.0,2.724271844660194,3.029126213592233,2.892233009708738,2.1990291262135924,7.192233009708738,5.232038834951457,3.9902912621359223,4.425242718446602,5.4495145631067965,4.479611650485437,4.3330097087378645,3.9,5.302912621359224,1.0776699029126213,2.071844660194175,1.862135922330097,2.876699029126214,2.0475728155339805,2.079611650485437,2.5174757281553397,2.79126213592233,2.5990291262135923,2.741747572815534,2.987378640776699,3.0106796116504855,3.0728155339805827,2.812621359223301,3.036893203883495,2.8106796116504853,2.9815533980582525,2.029126213592233,2.681553398058252,2.8019417475728154,2.012621359223301,1.9533980582524273,2.041747572815534,2.179611650485437,2.0757281553398057,3.123300970873786,1.3223300970873786,5.505825242718447,3.499029126213592,8.362135922330097,6.800970873786408,2.8611650485436892,6.836893203883495,6.106796116504855,6.023300970873787,8.410679611650485,8.540776699029125
36.0,2.5714285714285716,1.7711577522004063,2.5138794854434665,1.7014218009478672,2.080568720379147,2.904536222071767,2.863913337846987,3.3622207176709544,3.132024373730535,2.1252538930264047,7.687203791469194,6.377792823290454,5.058903182125931,4.595802301963439,4.5809072444143535,5.597156398104265,3.147596479350034,3.5619498984427893,6.032498307379824,1.154366960054164,2.022342586323629,1.5084631008801626,2.4705484089370344,2.1286391333784698,2.1130670277589707,2.708192281651997,1.7562626946513202,2.9140148950575493,2.851726472579553,2.815165876777251,1.813134732566012,2.1916046039268786,2.7386594448205823,2.988490182802979,2.678402166553825,2.4651320243737307,1.9228165199729181,2.4055517941773865,2.5714285714285716,2.3006093432633716,2.1936357481381177,2.071767095463778,3.044685172647258,2.4976303317535544,3.4434664861205144,1.3581584292484767,5.830060934326337,2.123222748815166,8.728503723764387,6.085985104942451,2.920785375761679,7.398781313473257,3.5172647257955316,4.869329722410291,8.79011509817197,8.878808395396073
51.0,1.8063636363636364,1.27,2.0345454545454547,1.8381818181818181,1.5745454545454545,2.3127272727272725,2.1436363636363636,2.9854545454545454,2.2572727272727273,2.3127272727272725,6.079090909090909,4.817272727272727,2.8954545454545455,5.657272727272727,5.9790909090909095,2.942727272727273,3.1672727272727275,3.790909090909091,5.7281818181818185,0.9918181818181818,2.1454545454545455,2.036363636363636,3.152727272727273,3.12,2.7663636363636366,1.7372727272727273,1.5372727272727273,2.7836363636363637,2.769090909090909,2.0272727272727273,2.678181818181818,2.752727272727273,2.650909090909091,2.8954545454545455,2.840909090909091,2.559090909090909,2.159090909090909,2.1036363636363635,2.1863636363636365,1.8436363636363637,1.769090909090909,1.8936363636363636,1.8754545454545455,1.8790909090909091,2.2936363636363635,1.269090909090909,6.96,2.6981818181818182,8.037272727272727,7.803636363636364,3.6245454545454545,6.9363636363636365,5.560909090909091,6.454545454545454,7.498181818181818,8.191818181818181
76.0,2.553835800807537,1.386271870794078,2.107671601615074,1.3142664872139973,1.6096904441453566,2.2510094212651413,2.673620457604307,3.1500672947510093,2.8048452220726783,2.462314939434724,7.55921938088829,4.710632570659489,4.062584118438762,4.950874831763122,5.043741588156124,3.9246298788694483,3.4851951547779274,4.128532974427995,7.281965006729475,1.3835800807537013,2.5370121130551815,2.462314939434724,3.3485868102288023,2.433378196500673,2.827052489905787,2.1500672947510093,2.1574697173620456,2.684387617765814,2.8075370121130554,2.6339165545087484,2.765814266487214,2.617092866756393,2.810228802153432,3.3687752355316287,3.1951547779273217,2.6096904441453566,2.005383580080754,2.3432032301480485,2.59421265141319,2.224764468371467,2.131897711978466,2.2584118438761775,2.0040376850605655,1.705921938088829,2.5107671601615076,1.714670255720054,4.040376850605653,3.4313593539703904,7.746971736204576,6.950201884253028,4.32907133243607,6.990578734858681,5.31157469717362,4.806864064602961,8.113728129205922,7.703230148048452
112.0,2.013029315960912,1.3407166123778502,1.9446254071661238,1.41628664495114,1.8938110749185668,2.7843648208469056,2.121172638436482,3.021498371335505,2.3667752442996743,1.7172638436482084,6.2,5.654071661237785,5.170032573289903,4.86514657980456,4.981758957654723,3.8977198697068403,3.9713355048859933,4.484039087947883,5.86514657980456,1.1289902280130293,2.1960912052117263,2.0104234527687295,3.034527687296417,2.672312703583062,2.670358306188925,2.0267100977198695,2.0586319218241043,2.7107491856677526,2.586970684039088,2.583061889250814,2.468403908794788,2.429315960912052,2.4019543973941366,2.7550488599348535,2.521172638436482,2.2599348534201953,2.0729641693811076,2.4110749185667752,2.467100977198697,2.2397394136807818,2.3433224755700324,2.2742671009771986,2.489902280130293,2.3172638436482083,3.3954397394136806,1.8319218241042345,5.697068403908795,3.8664495114006514,7.792182410423453,6.770684039087948,4.330293159609121,7.32442996742671,6.147882736156352,5.29185667752443,7.406514657980456,7.446905537459283
152.0,2.348,1.422,1.867,1.288,1.74,2.545,2.789,2.954,2.839,2.32,7.116,5.264,3.195,3.425,6.238,4.134,3.969,4.712,5.81,1.151,2.165,2.011,2.734,2.049,2.116,2.339,2.39,2.432,2.38,2.314,2.207,2.889,2.799,3.141,2.927,2.743,2.238,2.787,2.735,2.122,1.927,2.058,2.4,2.149,2.968,1.359,6.382,3.274,8.441,7.207,2.807,5.946,6.506,6.93,8.131,8.364
156.0,1.7795652173913044,1.1856521739130435,1.9078260869565218,1.4186956521739131,1.8004347826086957,2.0943478260869566,2.037391304347826,2.4982608695652173,2.108260869565217,1.722608695652174,6.6347826086956525,6.254347826086956,-4.0,3.993913043478261,4.710434782608695,4.153043478260869,3.235217391304348,3.284782608695652,5.664347826086956,0.9295652173913044,1.6821739130434783,1.6717391304347826,2.4904347826086957,0.18304347826086956,0.6004347826086956,1.6734782608695653,1.391304347826087,1.6543478260869566,1.72,0.9821739130434782,1.73,1.5665217391304347,1.3808695652173912,1.4273913043478261,1.432608695652174,1.4921739130434784,1.4043478260869566,1.5178260869565217,1.4678260869565218,1.1121739130434782,0.9808695652173913,1.037391304347826,1.6017391304347826,1.6,2.027391304347826,1.0643478260869565,6.056956521739131,1.7821739130434782,5.953043478260869,6.808695652173913,3.128260869565217,6.916086956521739,6.459130434782609,4.958260869565217,7.349565217391304,7.4082608695652175
158.0,1.9668820678513732,1.118739903069467,2.2924071082390953,1.2697899838449112,1.7827140549273022,2.763327948303716,2.5694668820678515,2.861873990306947,2.659935379644588,1.925686591276252,7.241518578352181,6.550888529886914,4.097738287560581,5.575121163166397,4.577544426494346,5.07108239095315,3.107431340872375,3.7237479806138936,6.953150242326333,1.1655896607431342,2.044426494345719,1.7552504038772214,2.726978998384491,2.232633279483037,2.3053311793214863,1.998384491114701,2.2164781906300486,2.5686591276252018,2.5864297253634896,1.9588045234248788,2.172859450726979,2.2924071082390953,2.4079159935379644,2.6550888529886914,2.601777059773829,2.1865912762520194,1.8877221324717286,1.951534733441034,1.8925686591276252,1.8739903069466881,1.734248788368336,1.8368336025848142,1.8376413570274637,1.9846526655896608,2.8634894991922457,1.5936995153473343,6.317447495961228,2.7205169628432957,8.188206785137318,6.941033925686591,2.621163166397415,7.541195476575121,5.946688206785137,4.861873990306947,8.006462035541196,8.552504038772213
170.0,2.417989417989418,1.2962962962962963,1.92989417989418,1.3604497354497354,1.6474867724867726,2.5502645502645502,2.757275132275132,3.197089947089947,2.9794973544973544,2.300925925925926,8.12962962962963,5.96494708994709,4.861111111111111,4.967592592592593,5.316798941798941,4.632936507936508,4.171957671957672,4.73478835978836,7.277777777777778,1.2592592592592593,2.55489417989418,2.3683862433862433,3.386904761904762,2.9464285714285716,3.0257936507936507,1.82010582010582,2.3247354497354498,2.767195767195767,2.746031746031746,3.0912698412698414,2.6018518518518516,2.8134920634920637,2.7169312169312168,3.2281746031746033,3.132936507936508,3.0866402116402116,1.9444444444444444,2.2546296296296298,2.4675925925925926,1.9523809523809523,1.9027777777777777,1.9523809523809523,2.2208994708994707,2.080026455026455,2.6593915343915344,1.7572751322751323,5.4603174603174605,4.23941798941799,7.170634920634921,5.652116402116402,4.521825396825397,5.650793650793651,4.5701058201058204,5.676587301587301,7.708994708994709,8.019179894179894
196.0,2.26,1.454,2.228,1.549,1.612,2.723,2.705,3.308,2.785,2.223,7.532,4.512,4.527,3.432,4.72,3.694,3.846,5.204,6.079,1.132,2.136,1.964,3.188,2.713,2.746,2.102,1.98,2.503,2.443,2.359,2.229,2.048,2.547,2.9,2.545,2.461,1.896,2.26,2.249,2.066,2.01,2.097,2.537,2.174,3.298,1.361,5.636,3.055,8.407,7.571,2.993,6.853,5.752,6.106,8.064,8.991
218.0,2.3402662229617306,1.4168053244592347,2.024126455906822,1.6863560732113145,1.2945091514143094,2.1638935108153077,2.9034941763727122,3.0083194675540765,3.0274542429284526,2.220465890183028,7.846921797004992,5.564891846921797,5.212978369384359,5.52828618968386,5.679700499168053,5.559068219633944,3.7978369384359403,3.6331114808652245,7.116472545757071,1.2279534109816972,2.5557404326123128,2.6613976705490847,3.2803660565723796,2.858569051580699,3.0590682196339434,1.757071547420965,2.3311148086522464,2.6139767054908485,2.6039933444259566,2.9392678868552413,2.5682196339434276,2.853577371048253,2.470881863560732,3.0732113144758735,2.930948419301165,3.086522462562396,2.1256239600665556,2.456738768718802,2.5640599001663893,2.415973377703827,2.4143094841930117,2.483361064891847,2.091514143094842,2.5249584026622296,3.059900166389351,1.6239600665557403,5.655574043261232,4.515806988352746,7.367720465890183,5.699667221297837,5.047420965058237,6.351913477537438,5.933444259567388,6.222129783693844,7.916805324459235,8.469217970049916
233.0,2.33529028049576,1.2759295499021526,2.0058708414872797,1.3228962818003913,1.8623613829093282,2.8199608610567513,2.377038486627528,3.1043705153294194,2.574037834311807,1.6379647749510764,6.212654924983692,5.8493150684931505,4.292237442922374,3.6157860404435747,5.5088062622309195,3.5877364644487932,3.6568819308545337,5.048271363339857,5.250489236790607,1.1043705153294194,2.051532941943901,1.8258317025440314,2.9282452707110243,2.2250489236790605,2.1689497716894977,2.0163078930202216,2.0163078930202216,2.6027397260273974,2.2968036529680367,1.898891063274625,2.045662100456621,2.176125244618395,2.4814090019569472,2.7958251793868234,2.638617090671885,2.170906718851924,1.5205479452054795,2.125896934116112,2.2217873450750165,1.8851924331376386,1.4892367906066537,1.7977821265492497,2.5153294194390083,1.9171559034572734,3.298108284409654,1.5962165688193086,6.7853881278538815,2.919765166340509,8.210697977821265,7.9060665362035225,3.081539465101109,7.7110241356816696,6.439660795825179,4.395955642530985,8.357469015003261,8.151989562948467
268.0,1.975873544093178,1.223793677204659,2.153078202995008,1.43261231281198,1.5424292845257903,2.043261231281198,2.084026622296173,3.1505823627287852,2.2104825291181363,2.1930116472545755,6.143926788685524,6.074875207986689,3.504991680532446,5.846921797004992,4.68801996672213,2.8410981697171382,2.9409317803660566,5.133943427620633,6.246256239600665,1.0715474209650582,1.8469217970049916,2.0449251247920133,3.004991680532446,2.589018302828619,2.410981697171381,1.5016638935108153,1.935108153078203,2.8910149750415974,2.8336106489184694,2.117304492512479,2.4217970049916806,2.430116472545757,2.6805324459234607,2.8627287853577372,2.7212978369384357,2.4101497504159735,2.1181364392678868,2.3069883527454245,2.7287853577371046,2.0948419301164725,1.913477537437604,2.021630615640599,1.915973377703827,2.153078202995008,2.908485856905158,1.3036605657237936,3.9525790349417638,2.8710482529118138,7.690515806988353,6.496672212978369,3.2803660565723796,6.097337770382696,4.297004991680533,4.966722129783694,7.1980033277870215,8.369384359400998
275.0,1.53,-4.0,1.815,1.747,1.371,1.799,1.652,2.862,2.098,2.007,6.792,5.742,4.036,5.785,5.517,3.483,2.976,3.089,5.337,1.141,2.137,2.13,3.148,3.103,3.067,2.014,2.369,2.51,2.419,2.315,2.253,2.266,2.408,2.676,2.48,2.461,2.036,2.511,2.565,2.279,2.405,2.308,2.397,2.033,2.516,1.491,5.635,4.892,7.354,6.315,4.007,5.595,5.322,5.385,5.863,7.513
276.0,2.4780058651026393,1.8885630498533725,2.352394916911046,1.2991202346041055,1.5464320625610948,2.86950146627566,3.0718475073313782,3.3162267839687196,3.0146627565982405,2.3167155425219943,6.928152492668621,5.573313782991202,4.3049853372434015,3.7453567937438903,4.77663734115347,4.5337243401759535,3.8484848484848486,4.677908113391984,5.690615835777126,1.215542521994135,2.119745845552297,1.8993157380254155,2.8025415444770285,2.129032258064516,2.212121212121212,2.740957966764418,2.1730205278592374,2.5899315738025415,2.54594330400782,2.1466275659824046,1.9589442815249267,2.124144672531769,2.5298142717497556,2.8069403714565007,2.5112414467253177,2.3734115347018574,1.6793743890518085,2.764907135874878,2.9657869012707723,2.219941348973607,1.800097751710655,2.004398826979472,3.133919843597263,2.2629521016617793,3.670576735092864,1.3533724340175952,6.889540566959922,1.946236559139785,9.22140762463343,7.930596285434995,2.33088954056696,8.058651026392962,5.675464320625611,2.162756598240469,9.249755620723363,8.848973607038124
288.0,1.969716494845361,1.2860824742268042,1.7731958762886597,1.6978092783505154,1.2673969072164948,2.8092783505154637,1.8324742268041236,2.952963917525773,2.1507731958762886,2.7094072164948453,7.434922680412371,5.032860824742268,5.537371134020619,6.887886597938144,5.670747422680412,5.007087628865979,2.9658505154639174,3.0122422680412373,5.849226804123711,1.5167525773195876,2.5225515463917527,2.3672680412371134,3.189432989690722,2.663659793814433,2.973582474226804,1.4703608247422681,1.8466494845360826,2.2841494845360826,2.047036082474227,2.3402061855670104,2.3653350515463916,2.3157216494845363,2.3047680412371134,2.720360824742268,2.4323453608247423,2.181701030927835,1.6881443298969072,1.9871134020618557,1.8453608247422681,2.101159793814433,2.0521907216494846,1.9484536082474226,3.3253865979381443,2.554123711340206,3.3266752577319587,1.2525773195876289,4.858891752577319,4.148840206185567,8.324742268041238,5.426546391752577,3.1114690721649483,6.617268041237113,4.628865979381444,8.123067010309278,7.868556701030927,8.456829896907216
332.0,1.9549098196392785,1.4318637274549098,1.594689378757515,1.466432865731463,1.5576152304609219,2.6422845691382766,2.784569138276553,2.1833667334669338,2.124248496993988,2.900300601202405,4.956412825651302,2.5836673346693386,2.523547094188377,3.530060120240481,4.174348697394789,3.275551102204409,5.7850701402805615,8.313627254509019,1.9468937875751502,1.8216432865731462,2.724448897795591,2.5045090180360723,2.7665330661322645,2.282565130260521,2.8597194388777556,3.0490981963927855,3.353206412825651,2.8186372745490984,2.6743486973947896,2.6307615230460923,3.159819639278557,3.1042084168336674,3.153807615230461,3.2715430861723447,2.905811623246493,3.273547094188377,2.5826653306613228,2.8522044088176353,2.6838677354709417,2.6112224448897794,2.8572144288577155,2.969939879759519,3.2695390781563125,2.5836673346693386,2.9719438877755513,1.941382765531062,5.820641282565131,4.19939879759519,6.706913827655311,4.070641282565131,2.5511022044088176,6.243987975951904,3.085671342685371,4.214428857715431,6.047094188376754,6.070140280561122
344.0,2.126,1.221,2.089,1.539,2.188,2.249,2.639,2.837,2.701,2.029,6.866,6.542,5.231,5.928,5.7,6.029,3.921,3.952,7.025,1.181,2.172,1.779,2.91,2.531,2.583,2.343,2.325,2.582,2.52,2.486,1.965,1.746,2.289,2.796,2.498,2.29,1.901,2.334,2.043,2.092,2.169,2.163,2.759,2.522,3.192,1.903,6.004,3.53,7.499,6.308,3.716,7.18,5.583,4.455,7.82,7.798
356.0,1.4649337910740559,1.1395291809710641,1.622854340362923,1.1596370769985287,1.2658165767533105,1.6503187837175086,1.8852378616969103,2.317312408043158,1.792545365375184,1.7667974497302599,6.812408043158411,4.930603236880824,4.864394310936734,2.634624816086317,4.5242766061795,2.9779303580186367,2.3702795487984307,3.0372731731240803,4.07650809220206,1.0855811672388425,1.7910740559097598,1.901667484060814,2.865865620402158,2.2954879843060323,2.5679254536537517,1.2280529671407552,1.4516920058852378,1.7194703285924473,1.7677783227072095,1.741049534085336,2.2876410004904364,1.9877390877881314,2.135850907307504,2.449730259931339,1.9195684158901423,1.7439921530161844,1.4006866110838647,1.8668464933791074,1.4274153997057382,1.5564001961745955,1.5370279548798431,1.5946542422756254,1.7341834232466895,1.5208435507601765,1.9919077979401667,1.2356547327121137,6.903384011770476,3.8921039725355566,7.654487493869544,7.1900441392839625,5.562775870524767,7.1025012260912215,6.911721432074546,6.237616478666013,7.951201569396763,7.6924963217263365
368.0,1.5033333333333334,-4.0,1.9975,1.8175,1.345,2.0575,1.7416666666666667,2.845833333333333,2.0475,1.8591666666666666,6.5025,5.574166666666667,4.848333333333334,5.1466666666666665,5.594166666666666,2.8625,2.930833333333333,3.1775,5.920833333333333,1.0316666666666667,1.7325,1.9375,3.085,2.765,2.8858333333333333,1.8383333333333334,2.26,2.6925,2.4475,2.2483333333333335,2.3466666666666667,2.191666666666667,2.5808333333333335,3.2183333333333333,2.8425,2.8208333333333333,2.01,2.3225,2.0775,2.1766666666666667,2.2608333333333333,2.0866666666666664,2.595,1.9283333333333332,2.7225,1.5341666666666667,6.74,6.0125,8.189166666666667,7.325,5.3966666666666665,6.931666666666667,6.795,5.661666666666667,6.528333333333333,7.869166666666667
392.0,1.641424478100696,1.1870650839132215,1.260335652885796,1.190749079001228,1.2275890298812935,1.7306590257879657,1.3393368808841588,1.8047482603356528,1.4903806794924273,1.133033155955792,5.3487515349979535,4.696275071633238,3.7924682767089646,4.643061809250921,3.2435530085959887,3.4776913630781827,3.667621776504298,4.1968890708145725,4.379451494064675,1.225542365943512,2.089643880474826,1.9209987720016373,2.397052803929595,1.562013917314777,1.3872288170282439,2.801473598035203,1.760130986492018,2.0888252148997135,2.1363078182562423,1.616864510847319,2.006958657388457,1.7036430618092508,2.4338927548096603,2.4674580433892754,2.41629144494474,2.2132623823168234,1.6524764633647155,1.781825624232501,1.9271387638149815,1.8055669259107654,1.5935325419566106,1.6827670896438804,2.1657797789602946,1.5223086369218175,3.0192386410151455,1.300450266066312,5.392550143266476,1.4048301268931642,6.642243143675809,5.583299222267704,1.4666393778141629,5.368399508800655,3.0908718788374947,1.6467458043389276,6.678673761768318,7.212853049529267
398.0,1.842,1.308,2.1006666666666667,1.55,1.5873333333333333,2.6326666666666667,2.1926666666666668,3.0033333333333334,2.414,1.7666666666666666,7.037333333333334,6.036666666666667,6.178,5.339333333333333,6.686,4.024666666666667,4.838,4.632666666666666,6.371333333333333,1.09,2.0473333333333334,2.0,3.1533333333333333,2.6633333333333336,2.4926666666666666,2.346,2.134,2.4966666666666666,2.302,2.6346666666666665,2.521333333333333,2.528,2.05,2.448,2.228,2.2006666666666668,2.2746666666666666,2.4086666666666665,2.4593333333333334,2.4266666666666667,2.3973333333333335,2.3913333333333333,2.1986666666666665,2.506,3.260666666666667,1.716,6.761333333333333,3.982,8.074666666666667,7.814,4.846666666666667,7.902666666666667,7.378,6.586,8.055333333333333,8.647333333333334
400.0,1.325,1.1008333333333333,1.7291666666666667,1.7141666666666666,1.1958333333333333,1.5483333333333333,1.6083333333333334,2.8891666666666667,1.91,1.7375,7.265833333333333,5.490833333333334,-4.0,7.125,6.589166666666666,3.715,2.9875,3.8466666666666667,5.308333333333334,1.1091666666666666,1.8533333333333333,1.86,3.0858333333333334,2.7516666666666665,2.796666666666667,1.8341666666666667,1.4625,2.7183333333333333,2.6391666666666667,2.1375,1.6808333333333334,1.8658333333333332,2.26,2.7783333333333333,2.8775,2.455,2.308333333333333,2.46,2.4758333333333336,2.2841666666666667,2.29,2.283333333333333,2.441666666666667,2.3575,2.674166666666667,1.4925,7.414166666666667,5.3966666666666665,6.914166666666667,6.601666666666667,5.045833333333333,6.359166666666667,5.440833333333333,7.5175,6.541666666666667,8.2
410.0,1.94,1.34,2.1375,1.5325,1.8833333333333333,2.4425,2.57,3.0275,2.6633333333333336,2.5166666666666666,6.721666666666667,6.615833333333334,5.3175,6.368333333333333,5.3175,3.4833333333333334,3.8533333333333335,4.269166666666667,5.963333333333333,1.1608333333333334,2.2116666666666664,2.0141666666666667,3.0508333333333333,2.620833333333333,2.7841666666666667,2.4558333333333335,2.2666666666666666,2.3583333333333334,2.3325,2.7025,2.4,2.2683333333333335,2.5475,2.8958333333333335,2.885,2.54,2.2641666666666667,2.4283333333333332,2.1308333333333334,2.2608333333333333,2.3533333333333335,2.2258333333333336,2.5025,2.4383333333333335,3.4358333333333335,2.04,7.255833333333333,3.1083333333333334,8.09,6.909166666666667,3.0775,6.941666666666666,4.8775,4.234166666666667,7.551666666666667,8.435833333333333
414.0,1.5003837298541827,1.4881043745203377,1.8380660015349195,1.674597083653108,1.2624712202609363,1.88871834228703,1.6116653875671527,2.5349194167306215,1.980046047582502,1.7912509593246355,7.70376055257099,6.670759785111282,-4.0,6.353031465848043,5.638526477359939,3.9025326170376053,3.3607060629316963,3.7521105141980047,6.080583269378358,1.093630084420568,1.785111281657713,1.6761320030698388,2.7521105141980047,2.3860322333077515,2.303146584804298,1.577897160399079,1.7551803530314658,2.565617805065234,2.4082885648503454,-4.0,1.8035303146584805,1.6454336147352264,1.9785111281657712,-4.0,2.2793553338449732,2.138910207214121,1.9378357636224097,2.0782808902532617,1.997697620874904,1.8181120491174214,1.7267843438219495,1.9102072141212587,2.1788181120491172,1.987720644666155,2.789716039907905,1.4597083653108212,5.7052954719877205,4.744435917114352,6.083653108211819,6.007674597083653,3.4980813507290867,6.398311588641596,5.821181887950883,6.982348426707598,6.343821949347659,7.8656945510360705
417.0,1.7846666666666666,1.5773333333333333,1.9473333333333334,1.754,1.314,2.6326666666666667,2.1886666666666668,2.5986666666666665,2.3433333333333333,1.914,7.3773333333333335,6.306,6.339333333333333,6.101333333333334,5.789333333333333,5.146,4.674666666666667,3.764666666666667,6.774,1.0573333333333332,1.896,2.171333333333333,3.1986666666666665,3.0933333333333333,2.9526666666666666,2.4753333333333334,2.2586666666666666,2.417333333333333,2.212,2.4426666666666668,2.4466666666666668,2.5486666666666666,2.4153333333333333,2.5393333333333334,2.449333333333333,2.3553333333333333,2.3133333333333335,2.4113333333333333,2.1706666666666665,2.4226666666666667,2.3946666666666667,2.283333333333333,1.816,2.461333333333333,2.6166666666666667,2.0633333333333335,5.3726666666666665,4.158666666666667,6.6433333333333335,6.292,4.842,6.3486666666666665,6.422666666666666,6.687333333333333,7.389333333333333,7.878666666666667
422.0,1.9216666666666666,-4.0,1.8308333333333333,1.5408333333333333,1.6466666666666667,2.0316666666666667,2.1975,2.7908333333333335,2.495833333333333,2.0941666666666667,6.940833333333333,6.014166666666667,4.015,5.740833333333334,4.930833333333333,4.2941666666666665,4.016666666666667,4.256666666666667,5.399166666666667,1.5291666666666666,2.2266666666666666,2.0766666666666667,2.8833333333333333,2.45,2.5308333333333333,2.475,2.4766666666666666,2.6241666666666665,2.6083333333333334,2.575833333333333,2.5258333333333334,2.4875,2.3008333333333333,2.763333333333333,2.6591666666666667,2.6433333333333335,2.328333333333333,2.4491666666666667,2.3733333333333335,2.455,2.5075,2.4875,2.1233333333333335,1.8875,2.0275,1.655,5.5275,3.7941666666666665,5.9625,5.524166666666667,5.306666666666667,6.016666666666667,5.5525,4.833333333333333,6.718333333333334,7.88
434.0,1.4293758798686063,1.1586109807602065,1.8202721726888784,1.6095729704364148,1.1248240262787423,1.9267949319568278,1.672454246832473,2.666823087752229,1.8235570154856875,1.9699671515720318,7.030971374941342,5.3843266072266545,3.609572970436415,6.28953542937588,5.690755513843266,3.698732989206945,2.5945565462224307,2.7386203660253403,6.7531675269826374,1.0656968559361801,1.7587986860628813,1.7855466916940403,3.081182543406851,3.0947911778507744,3.0408259033317693,2.0980760206475835,2.077428437353355,2.7883622712341625,2.8118254340685125,2.2341623650868137,2.011262318160488,1.993899577663069,2.664946034725481,3.033786954481464,2.704833411543876,2.1553261379633977,2.1384326607226654,2.1689347724073205,1.9094321914594088,2.011262318160488,2.0990145471609574,1.8639136555607696,2.6724542468324732,1.8784608165180667,2.131862975129047,1.2698263725950258,5.1881745659314875,5.030971374941342,7.265133740028156,6.130924448615674,5.912717034256218,6.7254809948381045,5.020178320037541,5.539652745190051,5.940872829657438,7.8395119662130455
458.0,1.613076923076923,1.1323076923076922,2.0876923076923077,1.32,1.3353846153846154,2.943076923076923,2.0892307692307694,2.579230769230769,2.3384615384615386,2.480769230769231,7.50076923076923,5.9023076923076925,6.603076923076923,6.66,6.0892307692307694,5.969230769230769,3.5338461538461536,3.6369230769230767,6.859230769230769,1.1846153846153846,2.0915384615384616,2.0930769230769233,3.3346153846153848,2.8146153846153847,3.2,1.6115384615384616,1.956923076923077,2.166923076923077,2.140769230769231,2.085384615384615,2.086153846153846,1.9776923076923076,2.102307692307692,2.3461538461538463,2.2376923076923076,2.096923076923077,1.9576923076923076,2.16,1.9676923076923076,2.0884615384615386,2.1046153846153848,2.0915384615384616,2.5115384615384615,2.33,2.7392307692307694,1.6115384615384616,6.683076923076923,5.630769230769231,7.865384615384615,6.208461538461538,5.124615384615384,7.484615384615385,6.57,8.09,7.727692307692307,8.60923076923077
484.0,2.532,1.608,1.9705,1.618,1.561,2.5355,2.883,2.944,2.962,2.2345,8.3995,6.0605,5.8975,5.3175,5.8655,4.5405,3.619,3.3025,7.633,1.261,2.567,2.484,3.44,3.0305,3.18,2.081,2.225,2.9635,2.8505,3.07,3.015,2.915,2.764,3.177,3.047,3.1215,1.8815,2.4025,2.588,2.104,2.09,2.233,2.364,2.1845,2.4375,1.909,4.939,4.225,7.17,5.8775,5.6955,6.4455,5.448,5.345,8.26,8.4845
504.0,1.6091666666666666,1.035,1.3333333333333333,1.375,1.2108333333333334,1.7516666666666667,1.4766666666666666,2.6708333333333334,1.585,1.72,5.2491666666666665,4.233333333333333,-0.12083333333333333,3.2075,2.5875,2.7483333333333335,1.8725,3.0475,4.941666666666666,1.0941666666666667,2.0,2.0166666666666666,3.16,2.9258333333333333,2.7391666666666667,1.445,1.6766666666666667,2.085,2.2275,1.5783333333333334,1.9791666666666667,2.0708333333333333,2.220833333333333,2.5075,2.3325,2.1566666666666667,1.4816666666666667,1.9533333333333334,1.9658333333333333,1.5608333333333333,1.6925,1.6508333333333334,2.0083333333333333,0.8616666666666667,-4.0,0.9158333333333334,6.194166666666667,4.539166666666667,7.320833333333334,7.198333333333333,4.3741666666666665,5.835833333333333,5.988333333333333,5.25,6.913333333333333,7.405
528.0,2.526813880126183,1.8070452155625658,2.4558359621451102,1.3054679284963198,2.045741324921136,2.8191377497371186,2.661409043112513,3.2308096740273395,2.816508937960042,1.6808622502628812,6.465825446898002,6.396424815983176,4.741850683491062,5.172450052576235,4.344900105152471,5.482649842271293,4.3764458464773925,4.460567823343848,5.403259726603575,1.4200841219768665,2.0084121976866456,1.8459516298633019,2.5588853838065195,2.094111461619348,2.132492113564669,2.710304942166141,2.0767613038906414,2.580441640378549,2.470031545741325,2.2613038906414302,2.1882229232386963,2.167192429022082,2.598843322818086,2.759726603575184,2.496845425867508,2.4658254468980023,1.8638275499474237,2.304942166140904,2.6887486855941116,2.248159831756046,1.9058885383806519,2.3243953732912725,2.195057833859096,1.8059936908517351,3.173501577287066,1.297055730809674,5.350157728706624,1.7570977917981072,7.291798107255521,6.59726603575184,2.355415352260778,7.207150368033648,4.501051524710831,3.8375394321766563,8.371188222923239,8.230283911671924
554.0,2.6064209274673007,1.6373365041617123,2.380499405469679,1.72294887039239,1.9678953626634959,2.417360285374554,2.577883472057075,3.1010701545778834,2.618311533888228,1.6468489892984541,7.523186682520809,-4.0,3.7158145065398336,4.703923900118906,4.0225921521997625,5.9084423305588585,3.2223543400713437,3.4946492271105827,5.6076099881093935,-4.0,-4.0,-4.0,-4.0,-4.0,-4.0,2.1890606420927465,1.7193816884661117,2.568370986920333,2.3935790725326993,2.1200951248513675,1.7431629013079668,2.0,2.1343638525564805,2.587395957193817,2.2972651605231866,2.005945303210464,1.5933412604042807,1.9976218787158144,2.0558858501783592,1.9512485136741975,1.5350772889417361,1.7514863258026159,2.7895362663495837,2.2889417360285376,3.370986920332937,1.1093935790725327,5.0511296076099885,1.9881093935790726,8.172413793103448,5.482758620689655,2.928656361474435,6.543400713436386,3.33769322235434,4.4815695600475625,8.328180737217599,8.35909631391201
566.0,1.610574189880614,1.4070494599204093,1.755542922114838,1.6367254121660033,1.236498010233087,2.640704945992041,1.8612848209209778,2.5565662308129617,2.0415008527572485,2.427515633882888,7.179079022171688,5.638999431495168,5.58726549175668,6.558840250142127,5.608300170551449,4.300739056281978,3.931779420125071,4.287663445139284,5.89425810119386,1.1483797612279705,2.092097782831154,2.2723138146674247,3.1028993746446845,2.6748152359295054,2.8709494030699263,1.3718021603183628,2.2171688459351904,2.2603752131893122,2.077316657191586,2.5127913587265494,2.952814098919841,2.5531552018192154,2.7828311540648096,2.8817509948834563,2.7299602046617397,2.3263217737350765,2.075042637862422,2.204661739624787,2.0568504832291072,2.3922683342808413,2.3632745878339967,2.2865264354747015,2.642978965321205,2.108584422967595,2.7879476975554294,1.4724275156338829,5.175099488345651,5.033541785105173,7.374644684479818,6.453098351335987,5.097214326321773,6.641273450824332,5.441159749857873,7.105173393973849,6.772029562251279,7.773735076748152
586.0,1.4608333333333334,1.4591666666666667,1.8166666666666667,1.9408333333333334,1.3316666666666668,2.0366666666666666,1.8208333333333333,2.2675,1.8175,2.4675,7.296666666666667,5.9225,7.3975,6.871666666666667,5.934166666666667,5.7425,4.411666666666667,4.274166666666667,7.114166666666667,1.1958333333333333,1.915,2.1483333333333334,2.8566666666666665,2.9383333333333335,2.9233333333333333,1.115,1.7416666666666667,2.5841666666666665,2.3983333333333334,2.504166666666667,3.1216666666666666,2.495,2.6791666666666667,2.7241666666666666,2.848333333333333,2.5908333333333333,2.1616666666666666,2.368333333333333,2.078333333333333,2.5683333333333334,2.5191666666666666,2.5391666666666666,2.4983333333333335,1.93,2.1983333333333333,1.79,8.5475,7.354166666666667,7.98,8.1775,6.788333333333333,7.233333333333333,6.3741666666666665,6.985833333333333,7.614166666666667,7.803333333333334
604.0,2.3545454545454545,1.3132231404958679,2.0330578512396693,1.4181818181818182,1.487603305785124,2.471900826446281,2.81900826446281,2.9487603305785126,2.871074380165289,2.043801652892562,7.313223140495868,5.129752066115702,4.562809917355372,5.444628099173554,5.468595041322314,4.917355371900826,3.518181818181818,3.677685950413223,6.879338842975207,1.3024793388429752,2.837190082644628,2.5677685950413225,3.56198347107438,3.0512396694214874,3.1818181818181817,2.0520661157024795,2.767768595041322,2.8611570247933886,2.7702479338842974,2.9859504132231405,2.978512396694215,3.16198347107438,3.0297520661157025,3.294214876033058,3.312396694214876,3.2140495867768597,2.1925619834710743,2.6363636363636362,2.5892561983471074,2.290909090909091,2.222314049586777,2.2454545454545456,2.0173553719008264,1.831404958677686,2.4859504132231405,1.4148760330578511,4.38099173553719,3.5983471074380167,7.4421487603305785,5.031404958677686,3.858677685950413,5.7785123966942145,5.25702479338843,5.742148760330578,7.893388429752066,8.231404958677686
608.0,1.6233333333333333,1.2641666666666667,2.1875,1.5583333333333333,1.3941666666666668,2.4883333333333333,2.2183333333333333,2.565,2.4675,1.8708333333333333,7.321666666666666,6.599166666666667,6.6725,6.36,6.3575,6.065,4.11,3.7483333333333335,5.968333333333334,1.1533333333333333,2.216666666666667,2.0483333333333333,3.0866666666666664,2.7775,2.975,1.325,2.131666666666667,2.1708333333333334,2.0108333333333333,2.4983333333333335,2.2091666666666665,2.1908333333333334,2.3741666666666665,2.5566666666666666,2.3758333333333335,2.24,1.9541666666666666,2.2475,1.9975,1.8783333333333334,1.8066666666666666,1.8858333333333333,2.404166666666667,2.4125,2.5366666666666666,1.9266666666666667,6.576666666666667,5.631666666666667,7.195,6.958333333333333,4.985833333333333,6.736666666666666,6.236666666666666,6.620833333333334,7.569166666666667,7.9725
616.0,2.2360248447204967,1.3871635610766047,2.398550724637681,1.3633540372670807,1.6273291925465838,2.093167701863354,2.232919254658385,2.880952380952381,2.522774327122153,2.300207039337474,6.543478260869565,4.511387163561077,4.074534161490683,6.052795031055901,5.91407867494824,4.366459627329193,4.540372670807454,5.486542443064182,5.590062111801243,1.295031055900621,2.0848861283643894,1.9720496894409938,2.698757763975155,1.7971014492753623,1.7525879917184266,2.2370600414078674,1.9906832298136645,2.6780538302277432,2.686335403726708,1.8995859213250517,2.318840579710145,2.370600414078675,2.9213250517598346,3.0269151138716355,2.908902691511387,2.6542443064182195,1.6749482401656315,1.9171842650103519,2.3540372670807455,2.0113871635610767,1.6335403726708075,1.9544513457556936,2.798136645962733,1.7039337474120082,2.6159420289855073,1.6645962732919255,5.188405797101449,3.0745341614906834,8.19047619047619,6.532091097308489,2.9461697722567286,7.8105590062111805,4.717391304347826,3.7236024844720497,8.4472049689441,8.36231884057971
634.0,1.5311320754716982,1.2160377358490566,2.1745283018867925,1.6830188679245284,1.0556603773584905,1.7811320754716982,1.5547169811320756,2.8132075471698115,2.129245283018868,1.7443396226415093,7.936792452830189,6.746226415094339,-4.0,6.7650943396226415,6.379245283018868,5.709433962264151,3.556603773584906,4.812264150943396,7.462264150943396,1.1047169811320754,1.8245283018867924,1.6943396226415095,2.891509433962264,2.586792452830189,2.2952830188679245,1.5783018867924528,1.2830188679245282,1.880188679245283,1.7858490566037737,-4.0,1.2632075471698114,1.3745283018867924,1.6330188679245283,-4.0,1.5339622641509434,-4.0,1.760377358490566,1.9150943396226414,2.2245283018867923,1.8462264150943397,1.8613207547169812,1.618867924528302,-4.0,-4.0,-4.0,-4.0,5.59622641509434,5.787735849056604,6.683962264150943,5.8858490566037736,4.263207547169811,6.469811320754717,4.911320754716981,8.340566037735849,6.872641509433962,8.238679245283018
642.0,1.872255489021956,1.3240186294078509,2.191616766467066,1.296074517631404,1.605455755156354,2.5981370592149036,2.2807717897538256,2.92814371257485,2.554224883566201,2.5701929474384566,7.754491017964072,4.911510312707917,3.694610778443114,5.813705921490353,5.6633399866932805,5.073186959414504,2.9308050565535595,3.193612774451098,6.634065202927478,1.2208915502328677,2.565535595475715,2.396540252827678,3.2481703260146375,2.594810379241517,2.632734530938124,1.8609447771124419,2.0266134397870923,2.816367265469062,2.727212242182302,2.780439121756487,2.588822355289421,2.614105123087159,3.0239520958083834,3.15103127079175,3.0951430472388557,2.834331337325349,1.921490352628077,2.2887558216899535,2.5728542914171655,2.189620758483034,2.0605455755156354,2.2501663339986693,1.7238855622089155,1.5874916833000665,2.5182967398536262,1.4344644045242847,5.583499667332003,3.44311377245509,8.07651363938789,7.5894876912840985,4.216234198270127,7.8496340652029275,5.900199600798403,5.166333998669328,8.506986027944112,8.369926813040586
643.0,2.0148,1.3268,1.9736,1.4752,1.35,2.406,2.084,2.6928,2.1548,1.6616,5.5828,5.236,2.558,2.9792,5.8208,2.8972,3.904,4.442,4.554,1.076,2.0788,1.952,2.926,2.1596,2.1632,1.976,2.0712,2.742,2.65,1.9344,2.6912,2.526,2.3884,2.6788,2.4188,2.2692,1.8936,2.176,2.4808,1.7984,1.4872,1.7108,1.6368,1.6436,2.7568,1.4896,6.6708,3.1048,7.768,7.5668,3.8268,7.4436,6.7756,5.7388,7.9924,6.7724
646.0,1.9273084479371316,1.6797642436149312,2.0275049115913557,1.8375900458415193,1.627373935821873,2.6430910281597906,2.498362802881467,2.7256057629338573,2.524557956777996,2.5317616240995418,6.848068107400131,6.233791748526523,5.437459070072037,4.26784544859201,3.7413228552717746,3.4571054354944337,4.131630648330059,4.004584151931892,6.235101506221349,1.2763588736083824,1.6771447282252783,1.9724950884086443,2.6843483955468237,2.6529142108709887,2.8808120497707925,2.29011132940406,2.215455140798952,2.4459724950884087,2.521938441388343,2.475442043222004,2.263916175507531,2.3045186640471513,2.218074656188605,2.4721676489849376,2.254747871643746,2.2933857236411264,2.332023575638507,2.4564505566470203,2.240340537000655,2.493123772102161,2.375900458415193,2.3745907007203666,3.120497707924034,2.6031434184675835,2.4891944990176817,1.504256712508186,4.971185330713818,4.905697445972495,7.0340537000654875,6.908316961362148,6.256057629338573,7.305828421741977,7.127046496398166,7.338572364112639,7.592665356908972,7.692206941715782
702.0,2.084685598377282,1.411764705882353,2.1364097363083165,1.6546653144016228,1.8275862068965518,2.597870182555781,2.5349898580121706,2.913793103448276,2.682555780933063,2.2601419878296145,6.771805273833672,5.724137931034483,-4.0,5.723123732251521,5.170385395537525,5.317951318458418,4.413286004056795,4.5385395537525355,5.797667342799189,1.197261663286004,2.0953346855983774,1.791075050709939,2.8686612576064907,2.3950304259634887,2.5177484787018254,2.107505070993915,2.0091277890466532,2.3569979716024343,2.3509127789046653,2.3524340770791077,1.9858012170385395,1.9366125760649087,1.9989858012170385,2.1987829614604464,2.0851926977687625,2.073022312373225,1.9609533468559839,2.167342799188641,2.090770791075051,2.1800202839756593,2.2221095334685597,2.291075050709939,2.5314401622718052,2.380831643002028,3.052738336713996,1.7454361054766734,6.256592292089249,3.966024340770791,7.295638945233265,6.06947261663286,4.088742393509127,6.323022312373225,5.197261663286004,5.628803245436106,6.7560851926977685,7.651115618661257
705.0,2.657623947614593,1.4275023386342376,2.3395696913002806,1.4639850327408794,1.9111318989710009,2.744621141253508,2.767072029934518,3.0636108512628626,2.812909260991581,2.2086061739943874,7.833489242282507,5.406922357343311,2.783910196445276,3.362020579981291,4.233863423760524,3.971000935453695,3.9672591206735266,4.460243217960711,4.840037418147801,1.1403180542563143,2.27689429373246,1.9850327408793265,3.2104770813844716,2.599625818521983,2.5799812909260993,2.8849391955098223,2.6127221702525727,2.853133769878391,2.6903648269410665,2.7614593077642655,2.54911131898971,2.752104770813845,3.188026192703461,3.333021515434986,3.232927970065482,3.101028999064546,2.065481758652947,2.5528531337698785,2.597754911131899,2.271281571562208,2.117867165575304,2.6230121608980355,2.6679139382600563,1.7240411599625818,3.2815715622076707,1.635173058933583,5.784845650140318,2.05799812909261,8.04957904583723,6.792329279700655,2.7268475210477083,7.144059869036482,6.064546304957904,4.540692235734332,8.404115996258184,7.931711880261927
710.0,2.1611441517983576,1.6680826961200792,1.8838855848201643,1.5811384876805437,1.539790427640895,2.345511186632682,2.2990654205607477,2.727839139054092,2.43387142452563,2.27131124327386,7.080430472953838,5.9660152931180965,5.404418011894648,5.904842820730671,5.9900877938261115,5.675446049277825,5.078164825828377,4.6819597847635235,5.986406117247239,1.2883035967148118,2.0906258850184085,2.1934296233361654,2.632398753894081,2.289719626168224,2.4123477768337582,1.8195978476352308,2.347210421976777,2.2871707731520816,2.0863777966581707,2.352591333899745,2.4822996318323423,2.3372982158028885,2.447182101387709,2.619371282922685,2.4777683375814217,2.4163126593033133,2.1407533276692154,2.276692155196828,2.173322005097706,2.209855564995752,2.1770036816765788,2.2160860945907674,2.1008212970829794,2.0002832058906823,2.289719626168224,1.8399886717643728,6.574624752194846,6.454828660436137,6.900311526479751,6.630416312659303,6.146417445482866,6.5539507221750215,6.572359105069386,6.773435287453979,6.947606910223732,7.445482866043614
716.0,2.243333333333333,1.4086666666666667,1.7933333333333332,1.8353333333333333,1.2966666666666666,2.8413333333333335,2.3093333333333335,3.1346666666666665,2.550666666666667,2.566666666666667,6.66,4.744,5.224,6.977333333333333,4.742,3.8706666666666667,3.521333333333333,3.6153333333333335,5.955333333333333,1.2353333333333334,2.328,2.263333333333333,3.3606666666666665,2.7986666666666666,3.0566666666666666,1.5793333333333333,2.312666666666667,2.7293333333333334,2.542,2.6133333333333333,2.4433333333333334,2.3693333333333335,2.533333333333333,2.7813333333333334,2.594,2.448,1.8473333333333333,2.068,2.0973333333333333,2.176,2.186,1.9346666666666668,3.338,2.3793333333333333,3.2,1.298,5.272666666666667,4.094,8.629333333333333,6.935333333333333,4.18,7.714666666666667,4.124666666666666,6.808,6.957333333333334,8.750666666666667
724.0,2.581160639192599,1.656013456686291,2.441547518923465,1.4129520605550883,1.849453322119428,2.6206896551724137,2.9259882253994953,3.131202691337258,2.9537426408746845,2.0849453322119427,6.667788057190917,5.042052144659378,3.951219512195122,5.005887300252313,4.497897392767031,4.203532380151388,3.6795626576955427,4.121110176619007,5.330529857022708,1.065601345668629,1.8990748528174937,1.7165685449957948,2.603868797308663,2.080740117746005,2.171572750210261,2.902439024390244,2.4264087468460893,2.7325483599663585,2.7981497056349873,2.9259882253994953,2.353238015138772,2.588730025231287,2.9991589571068125,3.045416316232128,2.5979814970563497,2.5769554247266613,1.9806560134566862,2.705634987384357,3.118587047939445,2.2077375946173254,2.263246425567704,2.163162321278385,2.135407905803196,1.9739276703111859,3.169890664423886,1.2977291841883936,6.588730025231286,3.0058873002523128,8.28174936921783,7.855340622371741,2.4457527333894027,7.489486963835156,6.193439865433137,5.739276703111859,8.580319596299411,8.47098402018503
752.0,2.89469320066335,2.5638474295190714,2.5107794361525704,1.7097844112769487,2.199004975124378,2.6782752902155886,3.1674958540630183,3.5074626865671643,3.3225538971807627,2.053067993366501,7.650912106135987,6.751243781094527,5.021558872305141,4.876451077943615,4.920398009950249,5.411276948590381,3.674129353233831,4.153399668325042,5.597014925373134,1.0928689883913765,1.8101160862354893,1.576285240464345,2.345771144278607,1.7247097844112769,1.6840796019900497,2.42620232172471,2.3499170812603647,2.7122719734660032,2.490049751243781,2.2354892205638475,2.0655058043117744,1.956882255389718,2.2902155887230515,2.4991708126036483,2.2388059701492535,1.75787728026534,1.734660033167496,2.3233830845771144,2.396351575456053,2.0986733001658373,1.9817578772802653,2.456882255389718,2.9817578772802653,2.626865671641791,3.3366500829187395,1.2487562189054726,6.179933665008292,1.8582089552238805,9.082089552238806,7.174129353233831,2.19983416252073,8.344112769485903,3.132669983416252,3.288557213930348,9.395522388059701,9.203980099502488
764.0,2.066666666666667,1.5608333333333333,2.265,1.6758333333333333,1.4758333333333333,1.9583333333333333,2.3558333333333334,2.835,2.705,2.655,7.4875,5.530833333333334,5.871666666666667,5.246666666666667,6.405833333333334,4.8075,4.7875,4.3,7.476666666666667,1.1433333333333333,2.0316666666666667,2.115,3.11,2.9833333333333334,3.1275,1.8375,1.9275,2.425,2.3133333333333335,2.085,2.3858333333333333,1.7875,2.2883333333333336,2.5233333333333334,2.3125,2.1691666666666665,1.645,2.0525,1.7175,1.8641666666666667,1.79,1.8525,2.8783333333333334,2.8266666666666667,2.825833333333333,1.4,6.434166666666667,4.775,7.885,7.604166666666667,5.434166666666667,7.074166666666667,6.4425,6.556666666666667,7.78,8.2175
780.0,2.3063063063063063,1.2472472472472473,1.83983983983984,1.3753753753753755,1.4884884884884886,2.5295295295295297,2.5285285285285286,3.4204204204204203,2.8568568568568566,1.9209209209209208,8.11011011011011,3.774774774774775,3.169169169169169,6.8508508508508505,5.142142142142142,6.102102102102102,3.1771771771771773,2.6096096096096097,6.960960960960961,1.3613613613613613,2.349349349349349,2.041041041041041,3.115115115115115,2.2582582582582584,2.3333333333333335,1.966966966966967,2.3813813813813813,2.6786786786786787,2.6126126126126126,2.5145145145145147,2.75975975975976,2.4854854854854853,2.5165165165165164,2.7287287287287287,2.5805805805805804,2.3073073073073074,1.7367367367367368,2.2262262262262262,2.3273273273273274,1.976976976976977,1.8018018018018018,1.847847847847848,3.048048048048048,2.6176176176176176,3.2832832832832834,1.4564564564564564,4.4004004004004,2.8368368368368366,8.333333333333334,5.7997997997998,3.4364364364364364,6.1891891891891895,3.724724724724725,5.658658658658658,8.2992992992993,8.155155155155155
788.0,1.3809128630705394,-4.0,1.7560165975103734,1.5485477178423237,1.0896265560165974,1.7609958506224066,1.7012448132780082,2.895435684647303,2.0182572614107883,1.620746887966805,6.369294605809128,5.18091286307054,2.8564315352697096,5.281327800829875,4.984232365145228,3.0016597510373444,2.3178423236514525,3.0813278008298757,5.362655601659751,1.053941908713693,1.9253112033195021,1.966804979253112,3.253941908713693,3.2688796680497925,3.2639004149377593,2.146058091286307,2.0224066390041493,2.8639004149377594,2.8116182572614106,2.5020746887966805,2.0605809128630703,2.2232365145228217,2.901244813278008,3.184232365145228,3.0879668049792532,2.3692946058091287,1.9253112033195021,2.137759336099585,2.2066390041493777,2.0066390041493776,2.1858921161825724,2.1701244813278007,2.0141078838174273,1.5062240663900415,2.349377593360996,1.267219917012448,6.365145228215767,3.662240663900415,7.639004149377594,7.150207468879668,4.004979253112033,7.303734439834025,5.721991701244813,6.123651452282157,6.6547717842323655,7.915352697095436
792.0,1.6529595015576324,1.5713395638629284,1.7651090342679128,1.4186915887850466,1.3757009345794393,2.1526479750778815,1.9757009345794392,2.812461059190031,2.1264797507788162,1.9981308411214953,7.305295950155763,5.583177570093458,5.485358255451714,4.326479750778816,5.403115264797508,4.17196261682243,4.063551401869159,4.209345794392523,5.066043613707165,1.0523364485981308,1.7838006230529595,1.9009345794392523,3.0218068535825546,2.670404984423676,2.65607476635514,1.9476635514018692,1.8404984423676012,2.6062305295950154,2.559501557632399,2.366355140186916,1.9538940809968848,2.0461059190031152,2.2554517133956384,2.66791277258567,2.2940809968847353,2.238006230529595,2.026791277258567,2.3034267912772584,2.5894080996884736,2.25607476635514,2.114641744548287,2.264797507788162,1.8947040498442367,1.8305295950155762,2.641121495327103,1.4074766355140187,7.370716510903427,4.98380062305296,8.13582554517134,7.958255451713396,4.722741433021807,7.396261682242991,7.48785046728972,5.54018691588785,8.051090342679128,8.453582554517133
804.0,2.002,1.2873333333333334,2.06,1.3713333333333333,1.8966666666666667,2.6493333333333333,2.394,3.046666666666667,2.5326666666666666,1.6146666666666667,6.546666666666667,5.6066666666666665,5.503333333333333,3.481333333333333,6.656666666666666,3.0206666666666666,4.469333333333333,4.694,5.473333333333334,1.096,2.025333333333333,1.9726666666666666,2.917333333333333,2.6386666666666665,2.528,1.964,2.3766666666666665,2.5353333333333334,2.481333333333333,2.756666666666667,2.9366666666666665,3.042666666666667,3.074,3.1253333333333333,3.1346666666666665,2.6746666666666665,2.332666666666667,2.732666666666667,2.9113333333333333,2.493333333333333,2.497333333333333,2.4633333333333334,2.0726666666666667,2.2986666666666666,3.316,1.8493333333333333,7.565333333333333,3.9806666666666666,8.432,8.343333333333334,4.544666666666667,8.287333333333333,7.573333333333333,5.507333333333333,8.467333333333332,7.812666666666667
818.0,1.2284963887065004,1.1864740643466842,1.820091923834537,1.6526592252133947,1.3289560078791858,2.10177281680893,1.598161523309258,2.6933683519369667,1.746552856204859,1.7557452396585687,6.290216677609981,5.529875246224557,6.250820748522653,4.242941562705187,6.755088640840446,3.1149047931713723,2.5430072225869993,2.684832567301379,7.252790544977019,1.0131319763624425,1.608667104399212,1.447800393959291,2.875902823374918,2.7669074195666448,3.3276428102429416,1.809586342744583,-4.0,2.7202889034799735,2.323703217334209,2.8516086671043994,2.5029546946815495,2.371634931057124,2.6769533814839135,3.0695994747209454,2.9592908732764283,2.866053841103086,2.4510833880499017,2.6736703873933028,2.4313854235062378,2.988181221273802,2.895600787918582,2.3053184504267894,1.418253447143795,1.623768877216021,-4.0,1.3276428102429416,7.174655285620486,6.113591595535128,8.667104399212082,7.0196979645436635,-4.0,8.049901510177282,7.355876559422193,7.2534471437951415,7.311227839789888,8.76231122783979
840.0,2.5954301075268815,1.6653225806451613,2.434587813620072,1.7056451612903225,2.014784946236559,2.8270609318996414,2.9789426523297493,3.274641577060932,3.1052867383512543,2.003584229390681,7.627240143369176,5.71415770609319,5.55331541218638,5.405913978494624,3.434587813620072,6.126344086021505,3.1975806451612905,3.5922939068100357,6.184139784946237,1.2907706093189963,2.1335125448028673,1.69668458781362,2.6917562724014337,2.1841397849462365,2.2190860215053765,2.224910394265233,1.7477598566308243,2.846774193548387,2.8019713261648747,2.875,2.0739247311827955,2.317204301075269,2.685931899641577,2.9847670250896057,2.861559139784946,2.4516129032258065,2.207885304659498,2.615143369175627,2.556899641577061,2.390681003584229,2.3830645161290325,2.207885304659498,2.914874551971326,2.507168458781362,3.2092293906810037,1.6827956989247312,4.754480286738351,2.821236559139785,8.170698924731182,5.437724014336918,3.664426523297491,7.193100358422939,3.521505376344086,4.931451612903226,8.001792114695341,8.35394265232975
858.0,2.346,1.413,2.142,1.285,1.994,2.329,3.031,3.028,2.809,1.927,7.48,4.869,3.982,4.807,4.62,4.816,4.63,5.116,5.951,1.187,2.149,2.142,2.95,2.162,2.111,2.655,2.686,2.565,2.63,2.703,2.414,2.326,2.254,2.709,2.508,2.69,1.797,2.154,2.178,1.861,1.674,1.758,1.935,1.902,2.866,1.371,4.939,2.673,8.317,6.737,2.826,5.757,5.289,5.419,7.888,8.721
860.0,1.6013333333333333,1.71,1.584,1.634,1.1133333333333333,2.7866666666666666,1.6546666666666667,2.3986666666666667,1.8846666666666667,1.31,7.56,7.09,1.494,3.9593333333333334,4.705333333333333,4.012666666666667,2.75,3.156,6.102,1.0266666666666666,1.6773333333333333,1.9886666666666666,3.238,3.0166666666666666,2.806,1.486,1.1926666666666668,1.656,1.5646666666666667,1.0993333333333333,1.528,1.374,1.2066666666666668,1.2593333333333334,1.0666666666666667,1.358,1.3473333333333333,1.35,1.5053333333333334,1.228,1.104,1.1226666666666667,1.236,1.0226666666666666,1.69,0.9393333333333334,6.594666666666667,5.032666666666667,8.514666666666667,7.514,5.874,7.807333333333333,7.8933333333333335,7.78,8.656666666666666,8.758
887.0,1.318,1.134,1.547,1.517,1.18,1.628,1.51,2.357,1.787,1.588,5.926,5.31,0.609,5.646,5.598,2.626,1.75,1.94,6.116,1.071,1.735,1.944,2.97,3.029,2.758,1.639,2.372,2.184,2.648,1.099,2.466,2.429,2.626,2.864,2.629,2.643,1.503,1.271,1.467,1.152,1.291,1.633,2.333,1.52,2.637,1.342,6.974,4.974,8.243,6.785,3.811,5.833,5.434,7.041,6.453,7.664
