,V45,V46,V47,V48,V49,V50,V51,V52,V53,V54,V55,V56,V95,V96,V97,V98,V99,V100,V101,V102,V103,V104,V105,V106,V107,V108,V109,V110,V111,V112,V113,V114,V115,V116,V117,V118,V119,V120,V121,V122,V123,V124,V127,V128,V129,V130,V131,V132,V133,V134,V135,V136,V137,V138,V139,V140
0,-1.1722384177713256,-3.272614640290804,-1.459793720580131,-0.12023205120502059,-1.6647845297992276,-0.5940583714929135,-1.2313332723286792,-1.1674825066318717,-1.123385271583484,-1.1355344218344965,-0.8175865037788844,-0.2035891958641689,-0.619984835631309,0.6638556662174262,0.0671127004754884,-0.9811427558947843,-0.6975828445780078,-0.19516766230289642,-0.8856487993749227,0.08200083712765122,0.2674944564730035,0.3748482395360817,0.294812093876734,0.41223294172741215,0.1953825468941821,-0.8599197038532078,-0.0005072944708960128,-0.379697310008821,-0.4833527643624074,-0.25653142905462806,-0.5646714310651805,-0.7009714583662318,-0.8927988074957243,-0.2615323341149198,-1.3134787800792977,-0.2525650587511021,0.04913486969280257,-0.8513080524578551,-1.1310226000747916,-0.9739530695851266,-0.12552519112858018,-0.30094670354851905,-0.156287782099649,-0.20232591542156145,-0.4370616346558415,-0.3908386605363738,-1.5281769228843793,0.06348882536709745,-1.2790224231053222,-0.7234324958923244,-0.6154209298916382,-1.7621185142081706,-0.12207905070896946,-0.7350093499838338,-1.7799740641521007,-1.2133027538917966
1,-1.5294582232198395,0.12423872148026559,-0.2844956800619086,2.029244568349925,0.15924860111316166,0.13985650952147496,-0.3774230796939474,-0.32090143339777155,-0.9585482171846779,-0.13698682920593214,0.3990526511053633,-0.022008353031766837,0.8003213520582058,0.617134178995132,-0.14357168927791708,0.791996014181875,0.8315481717865818,2.5077264536748505,1.1162133242836587,0.5269802753429405,0.5712953846903029,0.7447294293821026,0.6324970706202143,0.29389760675774756,0.29791734349292676,1.497819727248054,-0.020830322612418455,0.2578042827171493,-0.29990781517245607,0.4519205991262967,0.06958079436159546,0.19819974906730753,-1.6398663260454043,0.10111263049909225,-0.7884630300036931,-0.04250867830494366,0.8802072031122727,0.5886176889850004,0.23592002306837326,1.599809422360683,1.415686959053515,1.759897037888889,0.5742625785977421,0.17082726977337825,0.40529642777501584,0.4311509141591254,0.9184110519910842,-0.17750416039992353,-0.41388130715036614,0.9504624410917509,0.2856410303892313,0.662016521299,0.9640110313561565,0.08447508022837757,-0.7052425541260019,-0.0947175148288008
2,1.2611598353287612,0.5466863463040192,0.8278959116767516,-0.3007006220142791,1.1043666710044866,-6.944719785197256,0.9446107498172984,0.5272260788381244,1.0852316714928283,0.4333985698886051,0.28570432242467186,-0.11378328826019346,0.0981356214875513,-0.6821040955724798,0.23684733153153584,0.13823052168947209,0.8975093114886457,-0.159638428491917,-0.689035753372137,-0.026875816806792907,0.09427147057445832,-0.07035035761043541,0.0050370732707042,-0.3835927731128448,-0.40282192108824494,1.047405203491514,0.9220253755553746,0.2451902750497894,0.9616109043635912,0.6908322876155829,1.7502364329395113,1.9033277765328411,0.9014543527013954,0.3871307209797184,0.582263065855178,0.7308278389018206,0.2646637462320078,1.3339740959689343,1.4276696220839673,-0.2506450095776955,-0.21531410655433952,-0.11854426136521651,-0.07710921570884537,0.13630839306101228,0.41981261899138655,-0.11131400149679445,-0.47908135152469083,-0.29103506091687964,0.8896671499196789,0.11837116298274125,-0.6495043251842447,-0.05257420501603278,0.4260770503459388,0.2593594608729892,0.9922609092656142,0.8250557515933216
3,1.4027327607300772,0.5334276315745061,1.8700933518922214,0.8860067284886473,1.7577377138488863,0.7244313761556301,1.236046164446734,1.5710603015905236,1.6394655802509597,0.22510403391686118,0.9764707932735998,0.6754609052465792,0.4906050685343324,-0.5306342104026875,-0.7774965040641375,1.2367320545581133,-0.648548197609547,-0.5111699728251308,0.07095968219731719,0.08597396911014203,0.03437222367485066,-0.505271000184317,-0.4295710596127071,-0.2996177947645399,-0.3683395677126049,1.4703920632571774,-0.2721044497677698,1.3004179513717253,1.3311123451703109,0.5507763895592965,-1.2883094832060613,-0.2851425708408958,0.7114543425854262,0.3491222755277115,0.2697248330250922,0.16120956120406352,-0.12839984453986786,0.46391650734827855,0.8042608646642354,0.5991545782734528,0.41722118363221933,-0.029866536969883794,0.8409147237399306,0.6207880824128547,0.6263483311049992,-0.06358537500181982,-0.13227723869434138,-1.3706093898037746,1.3955911137269126,-0.7183786158994105,-0.6111646809996014,0.7116694213986614,-1.8000864856242642,-0.6072240982507254,1.4580716536650882,1.4421286449429545
4,-0.4091767238624709,0.20291724325242474,0.13933429022528712,1.6209037094479108,0.07177955376260874,0.06708493822174502,-0.2671905443323281,0.3903700778876242,-0.3823629630190636,0.7544101295379652,-1.2677636169602076,-0.3994918657388585,-0.3039654151605059,0.4120322766836648,0.8552769607394712,-1.37246499936813,-0.6228857449748082,-0.27307988456244975,-0.24604097610846412,-0.1531955050345731,0.18334201543674558,0.14390198168720542,0.3004056227971485,0.7273131122195239,0.3050112163132069,-0.6829931875892434,-0.5247639595856568,0.8636393779816354,1.0534776367267316,-0.08999540960075768,0.9065855350758607,1.108394753797189,0.48603335036932377,0.276066092911167,0.6536876992834573,0.26484721218885154,0.7451880347245655,-0.4878309019793692,-0.23712365274195266,-0.7492886598725861,-0.7005867385622883,-0.5560650421367999,-0.3998835194165971,-0.08949454729699494,-0.11539608497909178,-0.18223645770697344,1.0763112213855206,-0.9194477571453569,0.44105765231898614,1.291793297357865,-0.15860240449158292,0.08271900148225718,-0.04321009384567762,0.5832058132065103,-0.12795923760367162,0.1880360750698448
5,1.3610676595242455,0.2795978113936082,0.40337509168564023,-1.194420555595703,0.18887492467303663,-0.0014676070895436727,0.8388999925680726,0.9062249452390266,0.8832507731529856,1.1767509650439332,0.7978595643315318,-0.4729501519488552,0.12468664230984683,-0.2153027924504604,-0.23700697171348417,-0.40729423526840947,-0.20824016470827653,0.07800844415113135,1.3725052122105716,0.4232313889425492,0.6571404158523602,0.6677053479661835,0.5099883334213486,0.01605530977513181,0.3675630290365508,0.23253655864761857,0.19078785030887246,0.5311480915745683,1.182646872739895,0.4033713075382577,1.1289364653589629,0.7715493227800857,0.8953081371639916,0.6477409022205963,1.490680891338638,0.3206590384972434,0.1768790441537475,0.2673711231528242,0.8658790126145919,0.3753502982490661,0.25466764494153743,0.521482388643999,-0.2634299147879153,-0.28834834319254027,0.024672915417648603,0.41134099695971493,-2.046532260476297,-0.3441345014744425,0.04017573113653889,0.29301661811145235,0.2944523293148634,0.15645884892365142,-0.2575574223193053,-0.6541331630456725,0.6277109501773871,-0.7038756447323433
6,0.08027127962011721,0.24955440473542023,-0.18534521674760812,-0.6462025351946242,1.135502339346862,0.5909520791220474,-0.3140729208978085,0.5033223437244161,-0.12926790983281972,-0.9268014815926285,-1.0990264932783398,0.17693091479365225,0.5314195961330673,-0.2914360018088693,-0.3093891607764824,-0.43374569180079403,0.42580113002937403,0.44769214644812694,-0.10336740717525615,0.04863539466094941,0.24461415108299586,0.11200266504950236,0.1739242176776145,0.2635627899766697,0.2060588208892194,-0.04105517969412171,0.07675381819760078,0.6194614656786095,0.4415994882720425,0.3620126088701691,0.37431336640955953,0.3052089990883612,-0.15350383127670317,0.16581260624657068,-0.10176887726386966,-0.0651251047549963,0.4267477832359782,0.4813274072137653,0.5221132799954175,0.41953860837723667,0.8113397651848226,0.5683188469013968,0.25217404045735925,0.41366921692242,0.595366736088584,0.5675373917066315,-0.2745267125132085,-0.002725875646390099,0.10260797386547386,0.08292639842756373,0.29523804152504013,0.6105415609552122,0.46139831921049024,-0.289924240844357,-0.24049364634291398,-1.1717932122058836
7,0.8735850647034225,0.30316028809086315,-0.46563175642152493,-1.3355667951501367,0.6230376872653779,0.32507976927496446,1.079700087228072,0.29179946022647074,0.9621932995056225,0.774943705469581,0.17931580613406445,-0.0917670751908908,-0.19395125874726815,-1.5703957211794988,1.1576262901679353,-0.20149182826067621,0.4227550826452139,0.6847441428597496,-0.1608125431500719,0.08101992347313589,0.20699270147961552,0.11271166013504619,-0.14766036341899505,-0.38211438125023517,-0.3653165623395307,0.651567053038882,0.4590694886523806,-0.31437074060920045,-0.25376995187774304,0.14319198456461726,-0.2889501098955033,1.4468254434550396,0.8664625814483069,0.4688805248771903,0.8570987991149257,0.4677008990321704,1.0369421500956253,1.6663801940627707,1.246629768432563,0.07211124763762089,-0.28481903496505573,-0.07053456196036707,0.15676891793737935,0.22044808828835974,0.3196294478380697,-0.062464278549773385,0.45807953867997525,-0.4676119920192206,0.9985719898661973,0.5935481474537206,-0.6843358798789388,-1.2643091416766923,0.7692639033970461,0.9402520504937488,0.6489146152997988,0.5023519628093138
8,-0.4726436366467198,0.1472903819862432,-0.31821864698712155,-0.6332574349311713,0.8243930828998105,-0.17547805702526165,-0.48892673605769993,-1.1363721102141455,-0.7267766356525645,-0.9117110044784605,-0.49225684290222177,0.59042672840591,-2.8364612464030223,-1.0651576595566388,-0.6262365997553703,-0.18277285516784175,-0.5342699311598326,-0.7993906979621509,-0.3125356230784185,-0.24479267929515497,-0.37724381086958136,-0.3044862313697876,-0.4082913192857396,-2.315021446457138,-1.9274049214882487,-0.8244818026022687,-0.693174867360899,-2.9195681102449234,-2.4712039456320616,-0.939945492191075,-1.4992483019010487,-1.8375238085260377,-2.776558277738048,-0.876729752763066,-2.6737708595500256,-0.9119736025636057,-2.0453573634974305,-2.334518274626907,-2.1803644180984985,-2.9076998557922615,-2.7759389312823717,-3.0854145015591903,-0.6903528230618604,-0.4099808697109521,-0.2871482266003184,-0.45498446317331886,0.11041141321686039,-1.6382252215402864,-2.437092444427921,0.12741149202049204,-0.4777448059228238,0.05513998162128279,0.7289711626300948,-0.5404405712598374,-0.3104071421974049,-1.242338599772263
9,-0.0290196219821398,0.10316215983878015,1.070410251910236,-1.433420584336937,0.7653515181055718,0.5675855632103637,0.6215287816271972,0.0030997652579174725,0.5483181590695827,-0.33834763837687215,0.35448579310972395,0.7946966074502078,0.1375977254248081,0.33907543822799247,-0.7814235416955093,0.7196224672336012,-0.7009329799013914,-0.34291938087512425,1.0299851698324687,0.10248671962966813,0.061094527523831176,-0.20179025219093474,-0.15517330135730592,-0.19189233738982664,-0.17017350425915262,-0.1038780399503906,0.2588688318691854,0.14344833553948758,0.4397820031864541,-0.14567871411030067,-0.37557536159196697,-0.034801495730927307,-0.13818914754005615,0.08731906624468842,0.088679036094733,-0.1460238518549772,-0.25815589497637265,-0.9673106431555893,-1.0316741628622559,-0.6597197544172054,-0.7923245127327542,-0.7238605013933073,-0.440011221066972,0.031724374659444235,0.2522107232104479,0.25019011619560416,0.3890338584122482,-0.9019217090003399,0.6494852393760872,0.2822873314073686,-0.8038407267858171,0.9053718945498489,0.288435779914839,-0.6128230374535799,0.4960266435858876,0.8464638726196572
10,1.0393415704114979,0.22025948541502008,-0.23853610962584937,-0.946249120802183,0.3148039727841436,0.33092732086667176,1.0134894662409901,1.0535820860952778,1.2869272542537482,0.7210906000748583,1.5939071068909267,0.3910751634804426,0.41796191035006847,-0.20045614906096154,0.0818644417217636,0.288942688961287,0.6874595966325348,0.7084413027550484,1.3681434560084569,0.24030940192583736,0.6787783443857298,0.5521987939876927,0.5509910861096214,0.5475139386079784,0.5724049258709241,-0.49927914085463926,0.38377056297228995,0.80856205673303,0.9760046487950469,0.7753241397134879,0.7129125366586642,1.2593029395876327,0.6556369188191505,0.5373343336601302,1.3436748152954814,0.8467397139937073,-0.04843395089179782,-0.011845128488122622,0.5234428236985726,-0.4284033736193376,-0.3485950826351235,-0.3825334203501848,-0.03329420279176455,0.14124422656305785,0.12054907792497951,0.46809698076656797,-0.5277567025453822,0.289936813643449,-0.755698265103099,-1.2261363321691658,0.4184053934570665,-1.665829599233307,-0.8949820092956267,-0.0010078281103198493,0.13084341287798604,-0.12711309230362275
11,0.6651739516903667,0.32426408700421866,0.8378517873844926,0.0669492026524067,0.1965698565115878,0.5227916593736741,0.9043899106451996,1.4011462381817732,0.8373821696510106,0.5010771364816566,0.7598730076139345,-0.6097767348190533,0.29525281401957904,-1.5641791886673642,-0.6150665127802712,-0.6339941289444431,0.26233416873548626,1.1963651097378531,0.11939960476535577,0.05306388431944571,0.17190168358345043,0.05491454098642045,0.33814978316446587,0.30570994710076393,0.2840224796039233,0.12592895856577052,-0.013967702344799562,-0.07651502638493862,-0.042105797928466596,0.1797892452215166,-0.23312922892250057,-0.6417818347469516,0.21910234292716468,0.2796354085714043,-0.04547083287222252,0.1566518942926867,-0.2275497646807899,0.0050842350689849335,-0.06772744608259207,-0.09313445550617022,-0.06628367895799077,0.04467150883370955,0.3021545718528807,0.2491561464850496,0.5325092920179424,-0.05979998336124113,-0.33984578190538184,-0.6394579595261454,0.9516207711671069,1.0195383318535671,-0.5647261066505913,-0.03066678952901158,0.12106658393464223,0.3214629310345656,0.5666626357580865,1.6469331020591025
12,0.8552690978813712,0.2997344322148495,0.10171381025743384,0.8050491646225453,-0.861239780054972,-0.09823081671149049,1.3186524000567703,0.4620229808800364,1.3977708362796175,0.49392241523410324,1.1993684815423709,0.11550005673577,0.5471923126177691,0.29748241889097116,0.5056542829120928,1.199292907246141,0.19951821464770608,-0.4371704655008581,1.2001148852481651,0.19424690086336344,0.679802339878029,0.9125225464906621,0.4369875970031528,0.45650201808297197,0.6067009205563799,-0.6390817357093467,0.3911307435146419,0.29526586864014914,0.4987913455538266,0.6517051364675045,0.6275770806257455,1.3588540277098946,0.023563235938635192,0.4156494971749925,0.8664279178468189,0.8466098355062478,0.6214491854452395,0.6252764958848466,0.784332744839462,0.9395726316416236,0.9982454423089122,1.1859827958594733,-0.17059909687897232,0.6521695164148353,0.37891336632615885,0.29050163668904916,-0.31890928760998,0.506815055333922,-0.4835392492881254,-1.1704874798849263,0.7563966124148861,-0.7122120554608933,0.2770502479710102,0.40867148272740433,0.38596034559050485,0.694426131915028
13,0.843484533022032,0.20682774415185393,0.03579720921050538,-1.1480472798670924,1.0307188867761212,0.6304900588406892,0.2199257341962224,0.7630227559331652,0.349781683426579,-1.150691830747487,-1.0813656571401913,0.31142289742263457,0.20903149340731636,-1.4009632035682278,0.30608709985294774,-0.7384469098641887,0.015679750124438882,1.034426012870635,-0.7436441890262956,0.01241067614854967,0.06969357855300226,-0.11499459838858705,0.06019497454855278,-0.1997488199754368,-0.31074139722844657,-0.06412604491202119,0.027922501863277903,0.25762108306264914,-0.5332887519760103,-0.1944046811764249,-0.6983148229339182,-0.3235852611067724,0.05060629476053556,0.1978321884756575,0.1757227353880677,-0.16332408578788118,-1.6157254596336041,-0.4176574754463473,-0.14132240354506856,-0.6266643397899001,-1.4374303459478337,-0.8392186324898818,0.2791575534179295,-0.045783664355944505,0.5325791452550765,0.2535432029229339,0.889545492082302,-0.7455746756487633,0.6805437366263042,1.4116676053248762,-0.5077896263145544,1.1363617804178636,0.7122335395755763,-0.9627079939586347,0.9269373733427819,0.1153293988965695
14,-0.007725035945946671,0.17244446372747252,0.5673273290233236,-0.5584745261921756,-0.035224456865563886,-0.23222203015870807,-0.3915976190990917,0.907839038463811,-0.49050995371898404,0.41640902023434767,-1.1772805957752661,0.4667983376948799,-0.0801005135218087,0.5804550778103352,-0.652412214249128,-1.4723623195233817,-0.9180875462590466,1.1235146802726141,0.29362722614364534,-0.03588425601962636,-0.17789308864720868,0.15443026608687543,0.14231872918533517,0.1772797850755799,-0.06127984387585029,-1.2055458391489204,-0.06576163689739034,1.2233663682379914,1.2702477342446357,-0.016775054492313958,0.2560570741498582,0.3071970542898378,0.5621324859562244,0.25036820794969095,0.3710764807551446,0.10056352718677977,0.5937652395047803,0.15320863836262544,1.2298226493093793,-0.00802722296830237,-0.32042308520801266,-0.17796978937693378,-0.35688456377824457,0.22513117984510414,0.28123744326677097,-0.13618457278887017,-2.140441241991448,-0.7838020962976456,-0.037785288848496204,-0.23775038270473883,-0.37993154288636094,-1.0584693588501268,-1.1297608221977928,-0.5340865230072813,-0.4964708055262807,0.5121810476854283
15,-1.0636909630770257,-3.272614640290804,-0.6533911588534167,1.1309268561577857,-0.6063891060795338,-0.5035329836106393,-1.2932483743758048,0.0034946478765045816,-0.7504927601660011,-0.10877006868732915,-0.2728489373262183,0.2374997031365843,0.1149230844936615,0.525463811483003,0.3156555978585436,-0.8413986413177945,-0.8723503442845405,-1.002981119829604,-0.6535275839084257,0.0663062186554043,0.17311171868331807,0.2590490469156085,0.29534712707781735,0.7097031520057183,0.6148761819274929,-0.06924467988838066,0.4348407544793544,-0.05306446301071678,-0.12273976133771462,0.1440052570236594,-0.1722337224064982,-0.10038303968389074,-0.137973344193625,0.10373953283490636,-0.19904943517370044,0.1566518942926867,0.2900785045259301,0.7963276614588154,0.7868751872235581,0.5353893796657492,0.9737339791479241,0.6679658918478136,0.15358529047937555,0.08724269825571812,0.028048570355334965,0.11337920389335562,-0.3409153868927621,0.8020079870958687,-0.502486090307636,-0.4503618648667817,0.08734007643298115,-1.741716490743766,-0.24859501735028258,-0.21997754849222,-2.1353762742614375,-1.0511385467625727
16,1.1814790083882662,0.61085568760672,1.287011696322623,-1.2758108298950583,-0.02188808135224189,0.6855168380230737,1.6700101640886564,1.426926905663789,1.3682056536612175,0.7656704776294975,-0.08283857646515255,0.12130144534843329,0.2137134166963913,-1.2858945177806311,-0.548926455441089,0.19142111893341524,0.2655749952791172,0.6492926713372058,-0.2851727404882859,0.17598588515450075,0.152233586183058,-0.024629373830302215,-0.07431635952154564,-0.2992105647598141,-0.2662447277534494,1.5430624948462024,0.20872958619989943,0.2147127422832663,0.30375781076293545,0.007072593575247658,-0.9183450524259387,-0.45267800924616636,0.17495410031114145,0.20656038688224349,-0.12523377791292536,0.06004088380458027,-1.0284893365447938,1.5967354390463309,1.870778798681198,0.36111815974467604,-0.6189470832543218,-0.22887252436160915,0.9356113732873833,0.3513018309340194,0.772854980841017,-0.06996102703480779,1.0009474603978976,-1.509487759667382,2.0762510798250537,1.4403748371886043,-0.9905050416231879,1.6091812458278563,0.05527053325332576,-2.639745943222734,2.0223454276567145,1.3876655890449998
17,-0.022306825566557623,0.2135235339434153,-0.8043357220693805,0.8665943885070033,-0.9515718110698865,0.6186245568737379,-0.9165939866414209,0.28855263888613253,-0.628517163807513,1.8743830695992845,0.6243947937029711,-0.25098559314566754,0.6663321486809488,1.5049110105229924,0.495199042955646,0.6567181903372107,-0.8855876579836545,-1.0827999512119462,-0.11995073259481896,0.6191774693736314,0.6396426226256337,0.5508237117994904,0.33968317728715774,0.2545994136967164,0.5185910284571832,-1.2749723599027596,-0.16782075905962274,-0.809681866723218,-1.3724449661432863,0.16450475354281624,0.11279543856928245,0.023099717744897347,-0.4031648737481765,0.13857384585470342,-0.31164532560012104,-0.15141784455362803,-0.9960638415398382,-0.8551537201837676,-1.1593448577306318,0.010615631123413632,0.044802638823517295,-0.3941348020496751,1.1387976454255417,0.6856606915689063,0.5510074265567214,-0.20423499623646654,-1.1710446390826847,0.21886180545071757,0.8380295722586677,-1.4901215253283993,-0.48854299452036426,-0.35129405312838,-0.8444671847151983,1.8361948718105918,0.3267283338421333,0.671811849824467
18,-0.05737359442704015,0.3096653543641307,-1.4488794395051052,-0.37673557399255037,0.015371772985216584,0.43313772456579186,1.0704527640000745,-2.12317096693067,-0.6898241570770189,2.4133450934379574,-2.8345396897594424,-1.9380944843108112,-0.44055598561977577,-1.4770943421503968,-1.2522681840896062,-1.0453125630698505,2.791337453604364,4.430004342628924,-4.184936295599882,1.0677846591361997,0.8839455043946143,0.7195925009084942,-0.11284782239140732,-0.14016893117846335,0.4012327518122233,2.2264812422401343,1.570368161514615,0.9808952464837234,0.7351676354260601,0.4008054073422678,2.128651329782094,1.9812913955705287,1.7779242577368348,0.5713894108755372,0.8070360100866066,1.0528999969567086,2.3112887112797837,1.8719282412683045,1.1083456927571205,1.5157167279864805,2.164394716520849,2.623337498232364,1.0795317462792606,0.7195862938838594,0.322173612126319,0.7133555214944852,-0.14235254519750878,0.25853436278667186,-1.3960591607462316,-3.0769409415137137,-0.8488943599880538,-0.8590052965112749,-2.17111788354166,-1.0990269251895488,-1.909374611334381,-3.685062025953935
19,0.3478206659659414,0.17060205116634924,0.3359564616530892,0.01321295752587241,2.1156750949036454,-0.003699553585811065,0.7666462004729424,-0.07484905113163805,0.6432315232105026,-0.046656001494192204,-0.16957674283220328,0.7885738091239906,0.5538111227492039,0.6524586899451799,0.5293596709412323,1.661216944002363,0.36015179916824686,-0.10556466776496291,1.1048296862820643,0.12516103792633065,0.21546294717869,-0.17258475779008445,0.04067132336225863,0.11717978481178537,0.11601888621220442,0.6604385820595252,0.3840757876406326,0.1881413316955765,0.21659483467620377,0.2830748475198772,-0.902979800598526,-1.3917930095590818,-0.4436712346063863,0.19796946626517295,-0.15651997607482904,-0.03196292773019149,-0.2090630407805495,0.23835918946280008,-0.6248418209593863,-0.016413236189409406,0.3523563403808465,0.2396356286390688,0.5377430037451529,0.648772316582974,0.4641297057056198,0.6622240127310002,0.05376885345039715,-0.26673268753624,-0.30225295173799016,-0.45855398379754864,-0.09979134297265917,0.41409732199501437,-0.0242190221517582,-0.9183681808915409,0.2671181132479714,-0.5308743925581222
20,-1.2177877928701624,0.11687255797594179,-1.3471825864176323,-2.025340944706687,-0.9568371243863579,-0.668679299865619,-0.8064749134246515,-1.7034189824329746,-1.4564953169595387,-0.7869499481154035,-0.24436808053841208,-0.3214249791596348,0.41916773221673687,-2.272309010834317,-0.8436287338568177,-1.337861782596126,-1.6623522008338778,-1.0567708132844704,-1.9665578623994138,-0.015235416003686124,-0.24547081562076659,-0.021737370727850338,-0.0065553934258422595,-0.1267824049672709,0.10048159814521206,-1.8123826575631867,-0.6235026523872429,-2.701402485660209,-2.310680798760046,-0.3227728497591804,-0.08433866944457315,-0.7914386478703763,-0.8370943821250808,-0.07393865503137478,-1.5232078870690111,-0.634215400724036,-2.0588941376777457,-1.234278823400702,-2.289652645118217,-1.5968697752395073,-1.3115983086173084,-1.4392587713585507,-0.5498017273112383,-0.5008779877677597,-0.3100382972518883,-0.22677837963144362,1.015754478009784,0.017404789625740446,-0.08753744204262796,0.5737046578023941,1.0878024370114896,0.30868853507838095,1.1180537505046961,0.42030133508803696,0.4281866028280165,-0.7234701186721784
21,-1.1268458458082544,-3.272614640290804,0.005572128527741743,1.509767384299851,-0.6930153842013975,-0.21640644658526564,-1.1061117176266275,-0.04716761081542851,-0.8672142797522588,-0.5261577777806097,-0.6768665090291556,0.12188894798464306,0.4132690117541238,-0.04142474855212307,0.4057694283114434,-1.4513251812593335,-0.93125829505627,-0.9109517385923838,-0.04535958257772985,-0.0945636206851275,-0.3163474792131929,0.02232680359411034,0.22793294374134573,0.3595757077547579,0.4281482616649174,-0.4588526627116285,0.3090820866288841,0.5583252249600958,-0.026986929789233526,0.08978709308751237,0.0654279071906772,-0.2849884392237413,0.3060164490249108,0.5296064819766956,0.6574466161230037,0.5535518950211414,0.19394754024468128,0.20210700060430103,-0.5315386853610883,0.23342252927798882,0.5941494752400694,0.014146823409637504,0.3637047027076188,-0.03294837206109061,0.16125974557698267,0.17088357504584334,0.8409981241619571,1.6812472866004775,0.6508107572469601,0.7316438665723526,0.9809837047286466,0.076330489084312,1.0177108865862163,-0.012212593333998567,-1.3185854724442383,-0.40096047802870693
22,-0.7998034687831067,0.14822218725269404,-2.656149742784921,-1.8581567281072593,-1.0842028977422011,-0.5794421026142823,-1.9457844056037772,-3.3096658348474586,-2.1548937585741843,-2.576298944848069,-2.287003480311087,-0.4828402093739881,0.02548110935709756,-0.48866417275124613,-2.3392344677186254,-0.8466168178682054,0.029687033493419657,0.14909058261721592,-1.6509875228725368,0.1906993603639522,0.11580915186432442,0.0020348154936846658,-0.508216237238047,-0.8865735307069333,-1.1164587555885432,1.67727903960153,-0.2676414109719625,-1.4640338900991439,-1.0725143879546577,-0.4237691089841763,-0.7965175633317974,-1.4969856485454678,-0.07145770955254882,-0.060017922905478534,-0.34957667886652516,-0.11660533768207483,-1.1279402416780857,-1.5022955716803916,-0.9381814334335091,-0.8616245706807157,-1.1628242115949754,-1.1789732602874015,-0.09178772436985291,-0.4991955966160976,0.35268300515713824,-0.14046116575445772,-0.6002409628444658,-1.9343211485436052,-1.4853640850680345,-1.3066732638549465,-1.5462726006523524,-2.0499237266434127,-2.166647096282278,-3.0272482063171138,-1.1340213255199614,-1.5990532812316989
23,-0.3247788351216466,0.2279780044620344,0.3780819686089625,0.07232282716506074,0.11438595162674217,0.4224547263835051,-0.16486303144954015,0.4463976929358724,-0.020116518794565948,-0.787319196660847,0.06953095072601315,0.4404786655086126,0.9016161204295373,0.12967790821043718,1.680792545583479,-0.3089620969154307,1.556135360592804,0.6022469950840119,0.423917639117066,-0.008733675915026625,0.06461190472850861,0.099184674802389,0.3010541478893703,0.2542612398094494,0.02291260030390994,0.6670922288250078,0.1637096815907265,-0.09773220277114097,-0.5158303329577983,0.4039813530974852,0.5086118712793604,0.5502889066763017,-1.0576359052673123,-0.07529734068260081,-0.7944618625578918,-0.13049854625286472,1.172511458697385,0.47373572002232367,0.5011061632171767,0.9711265611699127,0.9535479824083167,0.9141327097838744,-0.0568878581330898,0.6303991593370923,0.5084259157066842,0.41311241260323417,0.8638163638927263,0.0879448344415231,0.49269562368679154,1.303921889021597,0.6272988914190166,1.3970214746801202,1.518903243677173,0.6819226122729252,0.5560230762153776,1.0195736365798198
24,-1.5491941240733484,0.09135288962192577,-0.9633145314573399,0.9544928513256641,-1.1900058900928592,-0.7819587164837285,-1.384381839186742,0.08862813413201955,-1.185020397437614,-0.8696673918032639,0.38841874048118114,0.06448539527762177,-2.8364612464030223,1.715485749520186,1.5677123393348062,-0.6133519736845361,-0.8573516409515174,-0.21509869590417743,-0.6833891015301437,0.019467591652292057,-0.17013490464583794,-0.07297695670415508,0.22882466574315105,0.3457639742537335,0.3362444554639262,-0.4680938387747985,-0.6110329373229476,0.6448689707459188,0.616964861326289,-0.00035060445633236357,-1.62399951316647,-1.0941892376551519,-0.5181690398330266,0.18409672606571711,0.7401427865930307,0.15003383036205964,1.2969887329590004,0.635557084781997,0.5457294019815807,0.5506352629915159,0.6709440280537976,0.59510051373874,0.20098596596520854,0.45987329364875407,0.1300803744597286,0.1153774252847546,1.5620901531538627,1.1980122409854943,-1.1098599439688972,-0.11487508960682986,0.7553756647235645,-0.70234673980714,-0.14643659808045675,1.381439681176116,-1.3022169193016087,0.20297188810920638
25,-0.09268464108438049,0.24908180337538988,0.5110782119982197,-0.021715601806374583,1.100592810244883,0.2112288213248647,0.6226414125655833,0.5221299353104099,0.556171907941545,1.3302058212870227,-0.37100404110206137,0.8394333568224119,0.5855800058530569,1.0435081874942143,0.08268312474380853,-0.8410709880597008,0.27189855926668965,0.2242506100023244,-0.001088146568787319,0.09548839987723864,0.26346100614011086,0.11660579227626548,0.19137234166733344,0.21023633927493474,0.32336074431425427,0.9106896298501701,0.3167737482711149,-0.5611600027855462,-0.41335800445854587,0.4591483349025152,0.20075125500401542,-0.09458825135752724,0.22038678784486465,0.27636353588285356,0.7578633945508931,0.2437897360459465,1.1336893385068811,0.53573221691077,-0.3873019540014007,0.4817828866816027,0.8376979141636072,0.42524540936285943,0.26554285608583844,0.5526960151513852,0.6214242572385258,0.8447282331454596,1.3927360301520555,-0.5976081044255245,0.5138697027079485,0.24499299199468896,-0.5103872580602934,0.08993183806058161,-0.630721951701792,-1.0842046661834943,-0.06229901874744264,0.633482869512305
26,-1.1338314156268565,0.3467557076899365,-0.5701054153016939,0.7418607700885316,-0.9679831159988653,-0.40387914636293304,-1.3774277556615684,-1.0214934628060561,-1.0231217615001693,-0.7179087236584453,0.9995769156073234,0.8772690384581536,-2.8364612464030223,1.0299189651058316,0.45757200878318854,-0.4290149547708723,-0.37060320442993877,-0.31342574905517384,0.12104886615285913,-0.003392476852258414,-0.2526859817583309,-0.2990842019422753,-0.12828091064975605,-0.03298942717261258,-0.1724251590382417,-1.0364694292645025,-0.2733532005959534,0.13325966019177665,-0.15872748925095576,-4.991810321827885,-1.3126788954256656,-1.6415476875691553,-1.2412829414665727,-5.13858576366894,-0.6731221642096341,-0.19861657905055488,-0.07286852243215111,-0.5677605897777024,-0.7473593288560343,-0.8246062188001914,-0.8119780675079298,-0.5071147197244695,-0.0779513259604617,0.0352474035344132,0.20462017012844588,0.07169412802151139,-0.2657269994644765,0.6862166967179859,-2.256731229721033,-0.8100256150291217,-0.23992682803460427,-0.6491043653641526,0.18054074086449726,0.9795635030028125,-1.5450993020084567,-0.40729878435099515
27,-0.46056183299378917,0.4056016453161095,-0.17556755138251276,1.168542227746359,-0.7963005619620809,0.4224547263835051,-0.1732111350963436,-0.8217256483426016,-0.1834496023080096,-0.37134317091286556,0.5440248173201371,0.6260069478577058,0.9608690661800764,0.8063918759599402,0.6336815135389746,0.7932634633119862,1.3431102987614583,-0.30036885705052785,0.8433677936174829,-0.05679844498628336,-0.11850674038481336,0.3098777190746833,0.34956382478757186,0.6996896452174756,0.4970331706118288,0.9539383338258055,0.3075437543004382,-0.3635052543456681,-0.8182076957424776,0.24783304096138142,0.3191591843406871,0.6016141747098027,-0.11913481873401481,-0.003577891349564251,-0.2715070321569623,0.040100435069972476,1.3154754568592415,0.48214202468516426,-0.2795751452671343,0.9593232966596419,0.9465267661510612,0.59510051373874,-0.46297722722067003,0.5791074286923397,0.09298767433747797,0.8758116770116694,-0.6215084285820723,0.22657247946233017,-1.4838586223317423,-0.47727882706787156,0.6242979293666923,-0.7166281562322239,0.6976240581867887,0.7580196560899117,-0.26158615325895423,-0.3836183395552251
28,-0.13610362296210035,-3.272614640290804,-0.5962208279847316,0.02306460246573713,0.3120715606740726,-0.24510058793854284,-0.15477573954298665,-0.219523748633342,0.16902627367029313,0.13733339450972312,-0.06514157317496716,0.4249797062777168,0.10721040767076079,0.48624045158501145,-0.36885917903746485,-0.04405443774662388,0.4849236210980354,0.21125210982757567,-0.588769757903187,0.637443193997018,0.2816115326381275,0.19346366348454413,0.01213621930449276,0.03327350379306416,0.0622508650142409,0.9531990397407519,0.5590610900013777,0.3294030586879195,0.5133726166685748,0.35613382342383526,0.5200297787511112,0.4497079378687142,-0.4132727048874707,0.17231798438693366,0.22427619937524554,0.35776750374008376,1.3709356285599603,0.6014064720892092,0.26852443389968045,1.054733018117664,1.243611979036168,1.1982092176820873,-0.13683228096740407,-0.0798382004490175,-0.28707810807456763,0.33185140935300045,-0.45589792303609433,-0.05944512399097674,-2.424033761477726,-1.375876253592639,0.9231080080052527,-1.1681929422443846,-0.05043920549871216,-0.6342558626932511,-1.085333590161771,-0.3811843552080701
29,-1.3019998820831982,0.1294568850276596,-0.6343546205153098,0.3924456013937568,-1.426593274021775,-0.36158591876670415,-1.2505598312321082,-0.6081406027826194,-1.3848175560530969,-0.21332737939678817,0.060652391206815995,-0.00888097831098298,-0.04169090920031328,0.9735296543742764,0.5185641280710102,-0.6293417909419086,-1.3698422748526764,-1.36733389850544,0.8216670054740429,-0.04449260470481183,-0.28452514599670325,-0.16453412119711056,0.2238480116992893,0.7011997972145375,0.5878986218413272,0.1172260343904288,0.09844028382319031,0.8794715487849071,1.1970548918665511,0.07826223489465611,-0.785597829890719,-0.7761391900938193,0.5220927126593488,0.3846915403599586,0.33217519706601495,-0.1805096325206443,0.6688073679553042,-0.28198653268161755,-0.986067773186352,-0.2546552898638709,0.1680877156640285,-0.6438659757457367,0.44589985835923734,-0.09021809666701341,-0.21975455085147813,-0.18125671176929373,-0.8188420996606028,0.9110567103039166,-0.6252031258049364,-0.6657859804648936,1.3128367554909677,-0.20410983856038176,-0.5080645185536055,-0.10383988342171344,-2.039776357965337,-0.45509478557147726
30,-0.8669392130297354,0.11211003158197688,0.33123470153276086,-1.1636108107452268,-0.7250517296606666,0.7672401112200045,-0.38073642959829024,-0.8826328522894444,-0.19470986568520587,1.2288541964963557,0.7162882768815325,0.3479264759132916,1.0577342600755062,1.3025303754998203,0.9838962870817979,1.6024661944164738,-0.14478782541440519,-0.43320686293893307,0.9321510535232,0.1304806081296643,0.11810166145086816,0.21364378146333346,0.495037980282066,0.41097129299414553,0.7519588685599999,-0.9618569844269448,-0.04059268495252067,-1.2023997668462578,-1.057525164066079,-0.04273461145641699,-0.5955745994360149,-0.8163896324490116,-0.9232632061847793,-0.15527197649136562,-0.7715613845815773,-0.24492883113883943,0.0005479671344788875,-0.3101521897875197,-0.8285068594225615,-0.026854585563879572,0.18283447478500442,0.02853811430436176,0.2751345541964906,0.4282944296323952,0.1720526048098783,0.27395422544835724,0.7801129171880278,1.3817089607300475,0.20369423075921192,-0.575044114527346,0.8060375103596408,0.8284153369644675,0.8242833045185234,1.8113629468197838,0.15379736072207587,0.9500178531207274
31,1.3093537555489028,0.42582611927474195,-0.0919183304272794,0.43772929402549393,0.026649080195623863,0.31452773019666247,1.2758805229279524,0.26046198062321285,1.2464853175077952,0.5335458534235248,1.970530152526883,0.45689608158282063,0.7985967942950775,0.1102882472797318,0.7226275621717511,0.19808131998466652,-0.03372719270766994,-0.7809667368448981,1.7381716414217663,0.242870676468183,0.6934268116264571,0.6943720294392989,0.6078065165103513,0.6346018510938997,0.7313449307205252,0.07935343120739377,0.268700863007174,1.4661970355907266,1.326991705791055,0.7580259636005264,1.761198609476575,1.5113959419487997,0.7765514372092589,0.49714950490627036,1.1406285264407316,0.8851904319892436,-0.2811612639914857,0.45429614048950584,0.8490772776224238,0.018996557341402973,0.14435280875966305,0.44641575570536024,0.11856538844133518,0.26121353092765937,-0.022591028941998402,0.6702168982965969,-1.0853604581091276,0.278623236743727,-0.7565750385615325,-0.9623692980396741,1.1731524532935458,-0.58492176031201,-0.140275571392374,-0.2500158552620833,0.8072803669547363,0.7223232981834758
32,-0.8761999049686898,0.04793621998247046,-2.392572803174464,-0.8680614625492888,-1.140029191176399,-0.5561080555095469,-1.6591735842273552,-0.5955735038724282,-1.936198493784817,-0.9190763088887144,-2.4259811545133783,-0.8017342150713328,-1.4117584443949687,-1.7635522670922505,-3.1053612441946643,-1.5635464221564468,-2.3115737467185626,-1.046136140409769,-1.065338745528868,-0.0026029655743051586,0.0073369100014342775,0.11968010712459656,0.3081879239038119,0.5261797431108606,0.2769793841754362,-1.331219683074879,-0.3639383070662903,-1.4768486678742518,-0.7661315943740056,-0.4551054544707672,-0.867034536335608,-0.5850756918389706,-0.6187838917195797,-0.028574998690093584,-0.5475547250116698,-0.17903101507746505,-1.759482951880676,-0.961640801157632,-0.8335343416454352,-1.583788402615784,-0.9022472395874284,-1.2733056343959568,-0.258871333524212,-1.2578255217865295,-4.175360716541788,-0.6528276874087122,0.25717206855046326,0.5251450394458227,-0.5482865438425317,0.5834055240156292,0.32345148362119797,-1.4141506695652653,0.3242371849509306,-0.3213568338405084,-0.8459435004508187,-1.2482912788821534
33,1.2970714258316143,0.5570951881465507,1.6605122509395107,-1.2417007063970356,1.641700496725586,0.6295757953869465,0.8134144541051792,1.1592512116080718,0.910209320527153,-1.0295765278414233,-0.7280484222849756,0.6882954161414612,0.3741610943503361,-0.01852714044073073,-1.0531013507136333,1.1241767162828074,0.9541602457397345,0.423284847483558,-0.5845060957601849,0.47694235766374493,0.017515964469301846,-0.09025260186659638,-0.33504463073586993,-0.3353843198206269,-0.3483181921463487,1.4750776955226756,0.09767057909337976,0.18292070154376694,0.04871339666325907,0.10033569012461607,-0.3365934265733965,-0.34576973633780245,0.352282127947977,0.16948580184517248,-0.15924794348285382,0.16197441363682463,-0.3465024049440374,0.14675831286464303,1.1215459232264149,0.444385713834589,-0.3404045865411251,0.7163978543116514,-0.060717584538932036,-0.17343371510604919,0.4521965501156112,-0.14498318773023963,-0.6455841008847568,-1.6579020723016182,-0.5883818158883228,-0.12002515986749644,-0.9747333922955602,0.4510254850409962,-0.9543464776940316,-1.3820549297558302,0.9437796421362525,0.2582548133442803
34,1.4856054410594028,0.4451733594200416,1.3884901958884475,1.0016851165413279,1.382334882218108,0.1833051106780161,0.639094423022869,0.7526802571597,0.4521122476298531,-1.1256084358869753,0.7475734044132784,-6.473205222525057,-0.002671545717731819,-0.4346140060887722,-1.4294867186531819,1.5427136044606204,-0.5510463737164685,-0.5811545958709214,-0.37163834221511155,-7.4980094281403975,-7.252873689205154,-7.279170961192363,-7.353487515606274,-6.648152577327333,-6.669058753650903,0.31901921178617937,-0.3146558828580153,0.14248304098802725,-0.20814768363885935,-0.014505510067783455,-1.4658499043023492,-0.760988908889277,-0.8409144619596699,0.03416325737424675,-0.6308057619219151,-0.3452782849215426,-1.3465834756609283,-0.8220271740729476,-0.5899928288871895,-0.43174499201871164,-1.3167343263912248,-0.9759765119330908,0.5701483690836359,0.381146308370483,0.5795924563441375,-0.3949768717016774,-0.9654260705765398,-1.4766307836560728,0.6276764092909346,-1.4243362017832562,-0.6061031389770944,-0.45176358346460227,-1.9544601821526648,-0.8984155660053164,0.8909818684884794,0.49340034142316463
35,-0.8728664563367523,0.2933005008569337,-0.8680762629700408,0.5383526278502674,-1.0545201358292522,0.4313831724428374,-0.8564655301880499,-0.9536578033279725,-0.8810802120769252,1.078499764892967,0.26734700946118506,0.1665485203803405,0.6846568656573507,1.2126928220839819,0.42227427720274463,-0.037594043133868306,0.3742106969558957,0.2434850402590121,-0.07304249290915324,0.07716458148877406,0.11877845984712941,0.4340560363374928,0.2470864631684084,0.2661551132151776,0.41280744100207,-1.493563872820888,0.25966567490696973,-0.8893275891365623,-1.2707098514028465,0.30486352171249975,1.6034135284586453,0.6127613651831426,0.8249265974752259,0.2653053874272334,0.39154347041001325,0.008100375711894554,0.4344325978258596,-0.16936211851562036,-0.587384037920913,0.8696234072043848,0.8638728008076948,0.6045329432605653,0.4146204198420168,0.17403797878839636,0.20347942938768332,0.08863791352548726,-0.8328272678567915,0.9130736720458947,-0.4739774698374709,-0.2887449908257608,0.7884168954740732,-0.318643457816975,-0.146155984928951,1.0717998541463638,-1.0194138719166077,-0.5751697250930645
36,-1.2274989401611507,0.3276714712037709,-0.6473732292882919,2.1725144075271077,-0.7374391165715836,-0.2395468831604893,-0.9408888329503097,-1.8595185145371338,-1.3988172402441257,1.191390292332662,0.4314488215203547,0.36183579829999307,1.3495022816451305,1.4905064776524601,0.8028152471535984,1.379598968670774,1.0000964747105767,0.22945001007222374,1.197712895163572,0.14698636673929902,-0.09551607348732569,0.2815940224700371,-0.016398884753273106,0.5391282432680709,0.4667993951139326,-2.0631208272779453,-0.28894460605454236,0.19539983940664546,-0.1921745631623446,0.2978492971924773,2.0318453051032517,0.4683340432034533,0.5586239495060441,0.141562381114555,0.6712293112013415,0.2998594443470945,0.7547114985519614,0.3465903619968663,-0.529284986433594,1.3891588459086694,1.2743298001616592,1.350832644802445,0.2611211512830558,-0.031034501514644566,-0.1768751584359971,0.5116913345789277,2.7743091388510095,2.7340327039754744,0.36196870103442436,1.729326922069246,1.8759134596181652,0.4866378498684544,0.6559296682744196,0.9821805203600162,0.014428574108632,-0.5211384551695003
37,0.8890867177374516,0.23142263279706557,0.13396291507624938,-0.6360185858665272,-0.2178925523537314,0.24388552338755212,1.1423281127271283,0.27537965686410304,1.0363273666874022,-0.004865507751551336,0.45455454294500797,-0.18424277537332334,0.3084047340013298,0.22318767038234047,0.259129167110889,0.5685149912849936,-0.16521780137425443,-0.39081836548413934,0.9530972488182584,0.3039021512452036,1.0203662952626291,0.7973844436630495,0.7383369305266596,0.6560856601150689,0.733218925069568,0.015181482651047334,0.8949197204701811,1.123339831877989,1.057364949012301,0.6896707494810286,1.6686181476073776,2.12477462837156,1.4592392185907979,0.5891924212865371,1.7676939626400145,0.9872736123296431,0.8689421368666674,1.1915195068016522,0.8524745890635401,0.570530917184965,0.49272989226789005,0.4832065055859861,-0.24929706362066564,-0.1442533888820863,0.008663869292524594,0.01197084446537766,-1.6822088807777156,-0.2131017523582229,-0.3807598631213239,-1.9525566130745327,-0.008040559847528607,-1.4921148758527967,-0.3044527822801706,0.0482260521399373,0.35721279418178126,0.2603012714926184
38,-0.8426488735177244,0.19907019657551098,0.691616098951961,0.11710303143717245,-0.5292028710863343,0.2621377817903565,-0.11129603304921847,-0.9272284963402336,0.10353895245028055,-0.4932184997236427,0.4663380764169807,0.8279526462810077,1.083231296092605,1.0361075535511974,1.2971762176727506,1.6966034958764897,0.606652227858805,-0.31735356394553266,0.004120257667559732,0.08445312126393986,0.2695111816394501,0.15862142853679118,0.2297163877449559,0.37252420791196766,0.5200520678659091,-1.5973655536941762,0.1610176000159461,-1.1893000931665179,-1.494077097374161,0.29310520784806443,-0.2834525988905865,-0.287058006483157,-0.22488745029137114,0.010033099034807523,-0.4451689901440175,-0.08711346048541889,-0.012487543307997978,-0.034320318038077446,-0.7478937824006203,-0.6469042821130404,-0.6016514185736933,-0.5791152078162672,0.16119062274016246,0.5230310216814722,0.0413804393847815,0.6937515057952985,0.6662959762232508,1.3824131650226057,-0.7220520836357309,0.30253287496078507,0.7167918669079683,-0.1888958159529516,0.5377239236774957,0.7080809710850143,-0.040815292747741656,-0.21232669112416908
39,0.6083933971851158,0.2801858755315906,1.4536691362748209,-0.9306424933643521,0.24764335254712475,-0.1767888693331255,-0.08085483729780554,0.06288663302934397,0.23129545652563938,0.7190609196267058,-0.6196784694812068,-0.6101988826849232,0.1290755385040952,0.7632861710754436,0.7793568556220186,0.02700663454833909,1.1679593593441882,1.4901753493813457,-0.38991762887556214,0.29294296758392924,0.11005210481422605,0.06481345289558116,-0.1853718961263932,-0.6430510551429519,-0.7398841897812823,0.4254762277855637,-0.0016419339988649265,0.5099293935659404,0.7754399537496152,-0.19383957226106913,-0.005175578624977461,0.1593900710743287,1.1807021635290915,0.3792954313332289,0.8143394246056973,0.36980242331027197,-1.0448543350248154,-1.0755958317579344,0.2163394053176814,-0.25428689404236127,-1.057485349809464,-0.3764174745629534,0.5792751706455282,-0.2906314269387919,0.09252021749913834,0.34463506173275926,-0.8185947736479741,-0.6241298002530724,0.652619102504977,-0.19629956658654005,-0.5948409072990029,1.2717426313558358,-0.7683638977818465,-1.4676167544451513,1.0371009531591677,0.49928302602377006
40,-1.0610098595648507,0.16732946914145974,0.6447784396007543,0.7871162764897145,-1.6570313312251856,-0.5233796191759855,-1.4962805555216463,-0.14940860165938774,-0.6782749994954075,-0.8503566290609724,1.3247892902948637,0.9292536705203982,-2.8364612464030223,1.3958621439434573,1.3225699638556354,1.3470963836815673,-0.11510653958594425,0.7890068295444502,1.5603193775172486,0.012920455703521494,-0.20499000374894716,-0.27669381986149444,0.02088518988824155,0.17497407155121214,-0.1805301120086922,-1.0355717937784437,-0.8181091581863011,-2.162983076033793,-2.2499676781019704,-4.991810321827885,-2.6836467541069426,-2.3143358066165116,-2.128814497010143,-5.13858576366894,-2.434297945883747,-6.969899948337823,-0.7289934303220162,-1.0821840378323213,-0.13390965383265713,-0.7416458942591604,-0.4577496042445727,-1.3677315100306757,-6.634969659137136,-6.840585905769508,-4.175360716541788,-7.201443236221952,-0.38238780668645134,1.5048782775605671,-1.4277533924397492,-0.9525983745171299,0.2520977464134776,-0.5518550845461161,-0.6016469881079691,1.9995274345102483,-0.8958984715983709,0.2735803962931934
41,-0.2531245153282361,0.23854218989612333,0.7064807453328834,-1.2921773692781724,0.17476587289915463,0.3841012772056704,0.01901464338695377,0.21077237224631143,0.3039876691985635,1.4813301394896459,1.070374841132273,-0.3345769993087222,-0.010459045824906059,0.5509568535166545,0.48654877387614176,0.7216911733733329,-0.9312951746241864,-0.8941963864709217,0.697600395640528,0.18385628741114318,0.691654830751667,0.5868205096940357,0.40253602744011696,0.18327968126301875,0.1672801126739001,-0.4087031427903775,0.03981251867862077,0.9732905333706581,0.9127758494293687,0.5225340761090034,0.6798526286245922,0.7641293190072395,1.4443397338226962,0.47675757470158686,1.2543784019096158,0.5684403372469787,-0.13330314244978594,0.09573305930250667,0.8081166369952782,0.2716476723277175,0.06680060224552078,0.4971251374983202,-0.5607299116974261,-0.424344449061525,0.029530175270976337,0.03806544638997838,-0.3960003995661724,-0.33491098815487863,0.4952461419269504,1.041174526961371,0.22189090980236292,1.3248899827173444,0.2484705414716755,-0.38418645919497096,1.1104906612464953,0.5131712904362883
42,0.08446480497671723,0.24037648632363068,-0.08072498143614702,-0.32962428638141533,-0.6763564845625772,0.17068677644507338,-0.3916531805210335,-0.5267355070106067,-0.6192099420967053,-1.0839609236195884,-1.960372418166262,-0.11105466890045036,-0.42790245570859065,-1.9663000345951525,0.6704277148122093,-1.4172164770917726,0.33797980293682117,0.40397653908518105,-1.4691636873202458,-0.029332862659850845,0.10268767587101439,0.04015782971443094,0.05779238579691805,-0.2675460518592402,-0.3166676690383706,-0.1535242055844909,0.09125422892091482,0.7241542088206727,0.6533621364762965,-0.16552624088780507,0.9396167340648431,0.5453219452537043,-0.18832358496749182,0.10593823128161235,-0.3436495961098611,-0.054905549356366094,-0.23642339215290495,-0.25971436181047874,0.5591614475894507,-0.8827728512432851,-1.4427931261928566,-1.0961639922091677,-0.6531459073787564,-0.35991401621592495,0.18338634756295125,0.11151419726138295,0.766981459035272,-0.6003806573259407,0.06921404326363001,1.0146230604951074,-0.028539929673191997,0.7726288810094896,1.0010331306212685,0.04571127488722107,0.4787635053821673,-2.4030951523899966
43,-0.12274214666717057,0.4731541869753219,0.1139125952664855,1.6177237470941708,0.24779242729363588,0.4340334916300092,0.47313272593758277,-0.42393051432970275,0.23541799046245368,1.3728244212989844,-0.1946019577000333,0.5762668258256304,0.62963741249312,-0.8218848449113773,-1.7579478901647405,-0.8668519565992983,0.6348636780504148,-0.05088345911890627,0.2820075540260161,0.26546926972884183,-0.38332930102332546,0.06536117155945287,-0.20079087715798533,0.2434682791021163,0.42297284030328786,0.5431377380457448,0.257688488897595,-0.26756175752823624,0.22310751017531366,0.2744883520485748,-0.144535970875303,-0.004722680497805568,-0.6258706293958264,-0.056319707724128074,-0.7312633896104174,-0.02822843847878977,1.3845797266841073,0.6243679464537569,-0.09114643305176186,1.1672292596804361,0.8971161637277054,0.8646749426533961,0.9213676800626026,0.7419511157688043,0.010756598015094548,0.13103910156901322,-1.0509348678571582,0.8127561645183219,-0.944305757960277,0.24399857957887208,1.5336264905333674,0.5852409495196049,1.303164001841089,1.2470726007663422,-0.01196732574674005,-0.7239983784842297
44,0.24997543385617937,0.2964101759384297,0.5071415339358406,0.6347549262581982,0.9148556533522931,0.38380484637028645,0.5495743390646574,0.16580118016647738,0.6006010820803098,0.6059425877423557,-0.30103209527760216,0.22519554852876228,-2.8364612464030223,0.4705129785990083,-0.08911463582220024,0.9622846924912423,1.0022084713288901,0.5043660915909793,-0.17365923595209376,0.14908796926989118,0.12269522581032886,-0.15773575471331738,-0.0035638759808399195,-0.023668379251219004,0.04876434601361758,0.1381385578365752,0.019638462315169417,-0.5656335720566835,-0.3514956986059894,0.1744493609417609,-0.8502006069438944,-0.9184103535709737,-1.188685761982006,-0.2709948819431873,-1.1318794914058647,-0.2712916291024715,0.012605153263829393,-0.2870050121408553,-0.495648644225664,0.24331843731905414,0.49219141030760366,0.6179695609222525,0.29625442116837225,0.486665540253819,0.37429333849181834,0.45232564969854866,0.3239428288427628,0.07540897774378627,-0.5830779328330039,-0.7377032256244193,0.13990560950163233,-0.7515079374338443,-0.3558298389579894,-0.0368916315447696,-1.0389878414437845,-0.7990101063231922
45,1.6068699685426655,0.30678904584368,1.2407029136931709,-0.38988930935363153,1.1932115132570935,0.5468071464709903,1.0339358455104102,0.6352922418010313,0.9018893251652046,0.46043808758715926,1.1806224085173447,0.006683937682331306,-0.34493234446190324,-1.6263262371997391,-1.1827679686100476,-0.36171335195517346,0.42048456677074725,0.42294729683320315,-1.1712039872333364,0.06530282381797425,0.3423887243708058,0.08077904802098643,0.3622017527727444,0.18826789856543072,0.11290751215196186,1.8623959071568832,0.7160350247232894,1.0964612821848891,0.7889778022507377,0.5070983161113857,0.5790933090518319,1.106848782302444,1.865828013589119,0.6196653133490042,1.5799294152316197,0.8626106998367825,0.3990827309880377,0.928263984045391,0.8754588369293487,0.5126137165520354,0.2177258322525179,1.5985123869609936,0.441081641346252,-0.26754163615132304,0.5219114639047612,0.3054389975097166,-0.1806397321655034,-1.4217901563859385,0.4580516715631821,0.10825788205389918,-0.7358789972508395,0.3652138956462499,0.3897558108333061,-0.8540169392719587,0.9842031427138653,-0.28678492486844387
46,0.4310528454227086,0.4654502798088167,-0.40466200035331196,0.23964936785218657,-0.04401654726690019,0.10349937408169928,0.05719392490008937,-0.4169316764682765,0.025812646888110465,0.6374774915224095,0.12967603430742422,0.3918109873647866,0.6175024123212693,0.6318933531141642,0.868118922811239,1.3136876324042368,1.869366749603852,0.6535059234196839,0.022946330527510765,0.28304438272059573,0.11699741183028879,0.3370501000541787,-0.2563804432951596,-0.13275773186761103,-0.05987182981364966,-0.5004057639832693,0.4097010452571121,-0.7995603067001745,-1.2402667018947353,0.17457725358298182,0.4095711619419735,0.07668470401257686,-0.03731884220907338,0.059271864164599466,-0.20432229048222342,0.10736128135595416,0.6773876737763611,0.0577039883429656,-0.27239394521813,0.33135686572365836,0.37342968284540506,0.3964520484238124,-0.1607222598814713,0.04967327308374158,-0.11792273486367043,0.578283623410396,0.6641119343203878,2.0283358555899293,-1.1289927591754394,-0.08122930115124309,1.4631209124274782,-0.4374141484089139,0.8263113755825894,0.822678578873928,-0.803867835596932,-1.1743902821735472
47,0.6257021499833487,0.29436703854363183,-0.7316242432000385,1.6055970214421706,-0.8540514140433236,0.654229339120944,0.07862332491556007,0.8579632583919823,0.29576350120784783,1.4713741558168814,-0.4570642031804072,-0.4499652440827053,0.5512402304749037,1.584346516049919,-0.5893753127375434,-0.46033790215474885,-0.1611074847823324,-0.45565760580485737,-0.009421593346941304,0.20510550076933887,0.4042284227580609,0.4230125054932696,0.5229145819384983,0.39445033484484354,0.6042256473770975,-1.0332841667982777,0.3698462136025061,0.6817198560482696,0.2905093011346804,0.38663154063791816,0.3107014751023532,0.1562433004836156,0.1839941818433454,0.1864524744014739,0.07030380578581463,0.14231275577632763,-0.40748721064312565,-0.6001697006555052,-0.4779006508867049,0.23145531852627724,0.39711659402084765,-0.4348614525057355,1.1521831031398633,0.4849449978071967,0.4692904292008894,-0.1437252818000071,-0.7284689273200555,0.17582953015282723,1.258644916973898,0.2756159127596962,0.19859002680128301,1.1413161139262464,-1.2779163133312526,0.848635214845666,-0.7919272750801416,1.2082074234843576
48,1.4257812956689344,0.45749069224482275,1.6089201439976237,-0.6641213396447594,0.9877120689299744,0.40915136919101786,1.365598063234736,0.8471080327688303,1.2273999411736112,0.11129818596739928,-0.4461954226810714,-0.24465422013796045,0.08378572719238059,-0.16644753545962712,-0.8744338997090692,-0.13314429556182777,0.045260749538841766,0.07028962506175125,-0.6602674079269639,-0.044633135693192716,-0.11478606054871864,-0.24935833743902266,-0.2869093912924763,-0.3492354276803142,-0.3080379014193821,1.9012084670991207,0.5010760528860427,0.6924904540207795,1.151107884112231,0.6409051535401419,0.08210147359492813,0.7011107529348704,1.3806488918245345,0.39382349022330476,0.07971107890860943,0.28455196328336807,0.08545270477296206,1.4098880372091724,2.2840174306831402,0.3251071245732864,0.6005030411499015,0.24011512599006962,-0.12401863414783443,0.019408623114896897,0.44986718475906295,-0.1440860484319279,0.6791990047085188,-0.6779959476769145,0.7786598959302653,1.352302931184625,-0.9166407381512721,0.8350413418678329,0.5005627874858409,0.04606925874502487,1.200517992053671,0.6976500357038968
49,2.1683230013729515,1.0562014925378105,1.8588998249236046,0.9309442563427682,2.1523412501285897,0.47311409248832464,1.8696307421289373,2.0262120253727125,2.0798397486302886,0.021296769286300445,0.925823198864862,0.9327098461241047,0.47688961173328315,-0.28139674749246907,-0.3810453599713451,1.0540200328204161,0.038174443300649744,0.10386682214842587,-0.38267501614308885,-0.004512331083405548,-0.22242929055388752,-0.4218683558766211,-0.563091018277892,-0.7180401338528166,-0.8104955741484459,0.8449715350009399,0.41282385136563576,0.6245629273598053,0.11596953208008523,0.07934132991125703,-0.6479651397083714,-0.8680709959436047,-0.44054852109171105,-0.03511548847248047,-0.7689300811419868,-0.6188999574207348,-0.8240792488620653,0.20489080485365632,0.330775859001436,0.0032784455640432575,-0.1406439481501885,1.1077643445249832,0.774135701943842,0.769191908756075,0.5574420908945498,-0.20932526631764964,0.2419483789912802,-1.5785616809561718,1.8838642184798886,0.5550795406480549,-1.0747819451095586,1.9974477245459967,-2.1307141793770263,-1.794317336827896,2.2012947584747744,2.0357257733925818
50,0.2073010518889577,0.39471999900141064,0.9714498237302615,0.7485039116739495,-0.2571075103189423,-0.32655492468332975,0.17567002980964996,-0.08111654705229017,0.652476792088622,1.7207715468196294,0.6977701338979385,0.09203910057699212,0.7891089775684933,0.0473828587640851,1.3536190056454103,0.4605315797177706,1.4902714894347444,0.256313577100037,1.575322202298674,0.06973941644620828,0.045654688163913576,0.240603157825622,0.25468460379550095,0.5857428438340271,0.6772333438919038,-0.4607008979242628,-0.07453953777736529,-0.33782130398342375,-0.47775318357009766,-0.043047408556048466,0.1648059907410974,-1.2887285600401963,-0.44538382782998703,-0.016141882473599843,-0.5948096795659708,-0.16524338188865845,-1.1555833044728367,-0.6490313465082631,-1.5051366220389817,-0.688707510586916,-0.6455340201815376,-0.6775819349906911,0.664380629296855,0.9986278524733028,0.22791909072421537,-0.00784622718486225,0.513877265521624,0.7101998674688814,0.23078147231637922,1.0583533715493414,1.0050985783633946,0.2701497119961583,0.7146743413468302,0.6598945206416919,0.21801245382008358,0.23491793266562014
51,0.774841552108785,0.18791194578931888,-0.5637005149143351,-0.8660443362307247,-0.21494331839025707,0.3078960841208468,0.5360893770082599,1.7534435013732252,1.003466160245555,-0.35180287331648047,1.5666662472118784,-1.117608899696997,-0.20343815637894522,1.4720204496830849,-0.12209659367848309,1.733073369784133,-0.6099680140362312,-1.5014896056905855,1.0381214458375692,0.3905394210858593,0.4300618848301126,0.14965390754776525,0.2601581166233983,-0.1653479340538699,-0.14131177115057186,-0.17355840925873628,0.44912576391670395,0.5120226861656472,0.5277499187028811,0.30626491685749113,1.1135742881142607,0.4447049299292867,0.1407936320588181,0.14514473781799547,0.038597103045326056,-0.01287278335906262,-0.8164009597606257,-0.10138300191458298,0.14410401022679623,-0.35582502756733647,-0.614460394178145,-0.6913244008928872,0.8444834378945304,0.7585721618307908,0.5230156788012941,0.06736210546439664,-1.6614492760416422,-0.8106472739012365,0.8498931306524137,-1.053302052466016,-0.27956840985839365,-0.9335390387348628,-1.621737659096975,-0.014471480016767926,0.8555258171333874,0.1211081503069865
52,-1.4167752374338292,-3.272614640290804,-0.8663659358698018,0.06451880816328193,-1.5438634989492594,-0.5457457488074802,-1.1904731730477307,0.10827365644208338,-0.9348035249997136,-1.1993042393413451,-0.862763987090395,-0.14900103731896044,-0.318297408789668,0.07816458268309111,-0.30650076047531155,-1.3145367437906252,-1.7307426689718324,-1.010959286409889,-0.6268026350342941,-0.0617884870627808,-0.08303915554885516,0.05836389673326162,0.40871200417369996,0.8815345846313735,0.8178208276321803,0.223644617425926,0.03495892544582054,1.132530409655244,1.1963588299047552,0.2961479492058916,-0.6604611296794201,-0.2065853310143543,1.1291182430006923,0.5028287156244221,1.2374227518172074,0.05549986736959268,-0.1191761400905029,-0.3802628635315398,-0.18229016318199964,-0.2682978394106655,0.3968325406660413,0.2606813594139842,-0.2527433276979486,-0.5176658680918972,-0.07943795074220011,-0.18472889530318623,0.44005159071841127,-0.16296545086169714,-0.10891867420247789,0.5270836946941492,0.08604060827695126,0.582392851651599,0.09526910540050589,0.3347184244991917,-1.1633643847332986,-0.3166484216880589
53,-0.7724849792684267,0.40164879201497095,-0.8335353494804681,-0.6332792700571888,-0.5907266266060262,-0.11072169382283381,-0.6176761362667305,-0.15174790684343253,-0.684667021783004,-0.1338109564385137,0.4434915923694079,0.12809604242221528,0.6472293618699609,-0.7698131240727201,0.18266307449943933,-0.16417610299777355,0.5460723371110384,0.16204408050559885,-0.9357776619549596,-0.0641507136864831,-0.2542719246740264,-0.022638642552041566,0.16031208091286728,0.26158662182985204,0.19133682077615408,-0.21637111210456147,-0.1749175193256804,0.2693155559611333,0.3493101327070019,0.1857709781679298,-0.931158990724376,-0.6464857483683519,-0.5298530870594627,0.09738904199417499,-0.6383291373233387,-0.0893126094550981,0.2560306815669834,0.14198129932131173,0.8528853969316866,0.46774123049823946,0.20923344029574806,0.5403456514314668,-0.37945576917393603,-0.14525858852029086,0.10876325044256631,0.002113754828342563,1.515615649847071,0.874042539087989,0.5771510319239657,1.4727444342855327,0.5476071220989539,0.7082423830332261,1.6133392893520917,-0.10343874383951446,0.5508142048648496,0.6658838644139808
54,0.05415046126572646,0.21434846766382568,0.23124448721991916,-0.8877647524290182,1.1450165426150696,0.44096707564368387,0.25532485210623274,0.5821934378833205,0.25415979125630983,-1.216470933631615,-0.6152288253784485,0.14427633354038127,0.6538310745636468,-1.520367435724702,1.646537612193175,-1.2958537102938432,1.0753073638877655,0.6660263026081119,-0.5115117617307178,9.45469756123259e-05,0.0379911325314175,0.06557216579396835,0.0485184769781438,0.22870953283255446,0.059330557153648746,-0.1801387926464206,0.4436861653679191,0.03180424253409111,0.08668456029463702,0.5032005931006348,1.5624424423757335,1.8284536460912348,1.5729072861836808,0.45657828356823876,1.34776274390375,0.39232850426669263,1.3869574559401698,1.495101736557403,1.7235124614905313,1.1678476363410917,1.2168435920553828,1.1268208404806306,-0.1906002113692442,0.39231366335921036,0.544120919882299,0.5907320918387179,1.7237787737461145,0.08689858806400734,0.9861437260929085,1.923402120548114,0.43309377574718366,1.920220031967302,1.6868270408500148,-0.1281103936210546,1.0618113683226205,-0.5041005647394133
55,-1.7777444086126386,0.1478324135625046,-0.6350054554610824,0.6239749562217668,-0.7464704351107299,-0.16723081573533632,-1.4056106702758855,-0.5249544352873904,-1.5627985953742958,-0.818154389889299,-0.9731227868358835,0.09137912933083302,0.9283610203989159,-0.8440013900962232,1.7614730043340274,-1.2032214227360862,-1.437074710698402,-1.4232667553944602,1.3421147341736488,-0.12183501688757023,-0.46618962940840675,-0.5798695044350355,0.0041850802470310595,0.361551565559443,0.8835199163601931,-0.5226101030276925,-6.91338819542562,0.6514202881254225,-0.44291298160823356,0.580414307263016,0.46197951670540427,0.1619592740358179,0.552938263697225,0.4128133020110953,0.933393986574741,0.6034305969204167,1.824784902616871,1.3091239749776906,0.4255227539335098,2.6280527647686385,2.2654643146314695,0.6600445895409135,-0.8850695095537786,-0.3826865372954518,-4.175360716541788,-0.10423668344758515,1.3059075854526356,1.7605723233198969,1.3108036691671585,0.3743480688204478,-5.061667742058306,1.5972807234855568,1.4998842053750243,1.1831471637226125,-0.3574716973937418,1.2294644332030125
56,1.4595757931422568,0.463630000997557,1.5837903342117166,0.9087014811506334,1.538560655588052,0.6383763983136249,1.4761153243774459,1.2966093483367862,1.577666423189318,-0.11841404164840108,0.8927873131498724,0.21832074410741711,0.6721880089031844,0.18880658611387385,-2.1161474954005715,1.7569022648256798,-0.5833570954920092,-0.4796158449799929,0.2289217050298586,0.2866742722445553,0.16889177548557127,-0.2738101553625189,-0.19286395702448247,-0.24212577912050082,-0.2590661203680015,0.39852974098144933,-0.281914592725622,1.0751561896477513,1.1639475678610214,0.599437834087296,-0.6266036890362043,0.02678185437205793,0.576003087729413,0.34619866799869853,0.7024785553420888,0.14629782653025386,0.9255977384756852,1.1246254951731742,0.7649682643154333,0.8649394861850386,0.9159788131608266,0.37222690008050074,0.7031585049651315,0.6317409266449234,0.4752442208676991,0.36887938280652677,-1.2827236636836843,-0.8228885744228189,0.6253083163501574,-1.4770403233892369,-0.132956352934942,0.4319155766574754,-1.7964408910375935,-0.5605731881569598,0.4902936550205945,0.4839923927068455
57,0.8688484484985808,0.297224844646482,0.5273266218240554,-1.3516876686880974,1.469309788917431,0.08515972286304732,1.5847603578596796,0.5236968092905733,0.8928537829197272,-0.3346394039351021,0.6873033574289513,-0.363859915022173,0.0950904869490598,-0.343074588069508,-0.7318446947926691,0.4688867377991613,1.2848544655259468,1.1048556685076232,-0.013935543685108008,0.1339892608169696,0.18763213988173125,0.273805758187598,0.08347397944890719,-0.2650599398290561,-0.37047004679939927,1.3524178456696965,0.8005792655674177,0.1311899635010354,0.5861671669685898,0.4595549711320361,0.23627363380501734,0.04862580299401605,-0.5335823788454342,0.12965276452822969,-0.1328924987976791,0.40924133431162923,-0.5935868979055415,-0.32906637527891075,-0.259742594705177,-0.6980517616575473,-0.9509569273721357,-0.9567351065301835,-0.33669333805319074,-0.06318752669493737,0.25383022327338184,-0.04647850741857984,-1.0853604581091276,-0.9392075466843433,0.827338133434223,0.043505876387985094,-0.6721176772373334,-1.5213746373281938,-0.27696439605354456,-0.19444498773783636,0.35059773427538016,1.1540512717601503
58,-0.8947516517709884,0.4930944783110624,-1.487476196579704,0.5237072862279476,-1.4648777341333883,0.5935088335475572,-1.2876829719446021,-1.4484752404077441,-1.2435737669990365,-2.0766566520335497,0.7989489730981558,1.166059571725364,-0.8186780814022283,-1.095867072753229,-0.6321939794754232,-0.3207576142068057,-1.16710747065526,-0.9333091588929514,0.14335826425254905,-0.10192047309399345,-0.38310108222256445,0.0852477808232877,0.39165310327277636,0.6202721775865871,0.34586429312234757,-1.240286510613286,-0.9223529422922296,-2.914033194665915,-2.9930848754752497,-0.844662962351985,-2.0117854817440683,-2.3156478341621027,-3.2240663331224586,-1.0086971812724106,-3.5383995570109668,-1.0599688582876339,-2.256159600667124,-2.8635672311252165,-2.07892836897924,-2.5659183704078985,-2.4517419023604177,-2.8335109264747067,-1.078478535768048,-1.072945626999846,-0.5047961305312556,-0.6215222189434583,0.6855488659960877,0.9123869799237563,1.1002996303808905,0.9528310777030422,1.2879392517949437,1.2673552811063469,1.9619240464574013,1.5785660693533439,1.2942448229479564,1.2215943373937088
59,-1.5657722807902958,0.11322609787066393,-1.6210742329254737,-0.10500678175250304,-1.2427590722824557,-0.6934696870200738,-1.5896060538373264,-1.5790480720879818,-1.469312415439786,-1.2917607120475392,-1.4814127269453692,-0.06008031409661538,-1.1437123189387595,0.4020212373134741,0.4102459252885856,-1.683795167876858,-2.471342543092072,-2.197803255892492,0.15794179611431783,-0.0366897150687168,-0.31332239146352325,0.03032002219977126,0.10487530749223146,0.6330480310750344,0.29639084230760815,-0.9009505255736827,0.4383020022183578,-1.145190700153098,0.6466426395255266,-0.8449340531716657,0.36821389792302245,0.30442431625775523,0.4220446399238715,0.2513664285423242,0.1529999762558416,0.3573998335217151,-1.6806062632396526,-3.1126040067618566,-2.1825985196440154,-2.7901803961030436,-1.9593791123204025,-1.3259853334342737,0.08566790470863082,-0.5018466559403602,0.10610451322128829,-0.08511078765229743,1.0912856912088387,0.8663521393130733,0.7251501868538519,0.09968040619895392,-0.03870032976463231,-1.4180043851085418,-0.15231106538769737,1.02360835178012,-1.4110677977000932,-0.7754898194472328
