,12.0,31.0,32.0,36.0,51.0,76.0,112.0,152.0,156.0,158.0,170.0,196.0,218.0,233.0,268.0,275.0,276.0,288.0,332.0,344.0,356.0,368.0,392.0,398.0,400.0,410.0,414.0,417.0,422.0,434.0,458.0,484.0,504.0,528.0,554.0,566.0,586.0,604.0,608.0,616.0,634.0,642.0,643.0,646.0,702.0,705.0,710.0,716.0,724.0,752.0,764.0,780.0,788.0,792.0,804.0,818.0,840.0,858.0,860.0,887.0
0,-0.7242018148417603,-1.1403773202478948,-0.4146072494267384,-0.456029135120105,-0.7810453678010254,-0.50028139774936,-0.7969402241100688,-0.5704970655197039,-0.38627831337057583,-0.6740818636325809,-0.6266426896537679,-0.5982969034261982,-0.6952188626586957,-0.49358856740998375,-0.7024963657145425,-0.847559011922762,-0.467433506801061,-0.7218687208852719,-0.9256626470264054,-0.7098961515558927,-0.7425731612909485,-0.8362701468106939,-0.6418529341073942,-0.8483592523389125,-0.8561810233378992,-0.8287144184785102,-0.5284219270902596,-0.9169939429690801,-0.698706001892647,-0.9782302447411475,-0.8951599981412636,-0.5951898864737171,-0.5327747448847856,-0.43906638481684745,0.08497774506146123,-0.9839082656458347,-0.9992815090538933,-0.6780198690473405,-0.9190518131487713,-0.5713632776188446,-0.2550016601836051,-0.8172216472881397,-0.6197444397794557,-0.829758145609595,-0.559269345908258,-0.4427845879860351,-0.7088853651559989,-0.6483240729251345,-0.4701107286641963,-0.25869224066088453,-0.7204704971802279,-0.5455412048531127,-0.8431053329055779,-0.8553083417113323,-0.8020378971009716,-0.6917257469731769,-0.47129643046446135,-0.5374113178978177,-0.6020936085832295,-0.8448016710017863
1,-3.608954568703378,-1.231707320075188,-0.7563939854287186,-0.8652849415096001,-1.057305540073519,-1.15245754734252,-1.1747768178602256,-1.0476149726173536,-0.6569133560017144,-1.0899154880814805,-1.2532326005077672,-1.0124481039943272,-1.1891926693303674,-1.0227892496995896,-1.12980485125912,-3.7231144619511456,-0.7504735601956891,-1.0641852691922222,-1.2973696727470907,-1.1850164843590387,-0.8996237974153575,-3.371105861996607,-0.9298992147935173,-1.0975358618171978,-0.9561136986068561,-1.1473777792118351,-0.5332996512052819,-1.0252991879608369,-3.838630017354559,-1.123527635926728,-1.1114538700584218,-1.0842876104874386,-0.814773493192437,-0.8337962039384982,-0.239573241097961,-1.0916790416874216,-0.999999673907905,-1.2873362117033633,-1.0905166506458435,-1.012862961403275,-0.34813512601337443,-1.0915131907920705,-0.983066317074387,-0.9597717687091977,-0.893824299244391,-1.1326681581301543,-0.9577223873318335,-1.0834487309534406,-0.9498950304255949,-0.4139951618926965,-0.9595698864052401,-1.099516204084204,-3.433057353610536,-0.893943018756006,-1.1473477859284136,-0.7067986451726326,-0.9858194123694124,-1.0379044649785847,-0.5586548872709752,-0.9357175987481403
2,-0.6676552253799538,-0.8484207634229415,-0.5504928115838599,-0.48545954420902815,-0.663517735190185,-0.7494991425218471,-0.8353829007997651,-0.8183304492280942,-0.3278322390102641,-0.5144809582488605,-0.899297969258869,-0.6147396309921783,-0.8643270126904392,-0.6581491244027493,-0.6018141672399907,-0.699361307897791,-0.5277496707499991,-0.8202726296822747,-1.1816562787248466,-0.7293209607423197,-0.6663556709638051,-0.6086569458559322,-0.8834485082684579,-0.7276594714680327,-0.6760050103065084,-0.723821062237124,-0.3942845139271455,-0.8320213391813351,-0.7468697673986066,-0.7684681531335416,-0.6816346877846448,-0.8924067393240469,-0.6682487444346151,-0.4779915313335917,0.009315551969080663,-0.9071441653927491,-0.8459533127223972,-0.8661342002324143,-0.6497207342960615,-0.4868322406015816,-0.06483093055515399,-0.6574401656353643,-0.6415015056872336,-0.7771335838788035,-0.5335537428635816,-0.6211575262742484,-0.8488115252422378,-0.8829160411113219,-0.542514541475462,-0.43890590615043085,-0.6267214780112775,-0.7895415353272984,-0.6625596337447757,-0.8022225259247576,-0.7740136803771026,-0.47952760200896555,-0.5602722255048646,-0.646843903111619,-0.6090224843753681,-0.7316508696218131
3,-0.7084213712710236,-0.8499179765348643,-0.9037952731923758,-0.9009476725232364,-0.764657052496725,-1.1926782090177177,-1.1323068131363707,-1.1166579526941192,-0.5507198107233173,-1.015857499727248,-1.2173957954648202,-0.9636337565328232,-1.0450057203559335,-0.9993271504847797,-1.0111605704276057,-0.7347207600862051,-1.0335136135903173,-0.858021014368338,-1.2728028290931372,-1.0180681243243421,-0.8899190859140752,-0.6915649583453565,-0.9275637044095758,-0.9846131286828437,-0.6826919551200447,-1.0451399509765602,-0.45921921620838035,-0.933013368273327,-0.9006403214910278,-0.8815331941081095,-1.0270127424619633,-1.0789943450760346,-0.6477843940494445,-1.1088672393234908,-0.2109012521366378,-0.9700606240315527,-0.7924500310985261,-1.225920993038828,-0.9500825726029978,-1.0252464891191797,-0.21010798354111151,-1.1054940704366882,-0.9046986330764686,-0.8768794851986045,-0.773061810436548,-1.112207732855918,-1.0016011729768541,-0.8610207907472778,-1.075947451524726,-0.814902452290607,-0.9052112114249244,-1.032494654082711,-0.7624189806257503,-0.9661987124655106,-1.1067609892938448,-0.5395836807724216,-0.9635135027492556,-1.1065680478578324,-0.5890353426672758,-0.7464741187108926
4,-0.9508265183437291,-1.0066262822494547,-0.7121735990996214,-0.7070532126432725,-0.9004459507323573,-1.0276607279391028,-0.8639403177692536,-0.8837667064650289,-0.37676844364415224,-0.7643771649414849,-1.0570538017675115,-0.9312621366372994,-1.254610822105805,-0.7298388720035579,-0.9487659685560523,-0.9302377310103773,-0.914758831651941,-1.0735417064221011,-1.2080033284406806,-0.6773464712975555,-0.8386734751816945,-0.9091984911300949,-0.9042086005701604,-0.9671925417530263,-0.9137630481211272,-0.8588104025477687,-0.6229278318188173,-1.1628572965516535,-0.8445229066354601,-1.1416583329204228,-1.0200913385606143,-1.1091659579210371,-0.7284139345670168,-0.7028923778747804,-0.1288675059417409,-1.1819897478675225,-1.0549392852397996,-1.1852999035284262,-1.0284551317373902,-0.8879508557471922,-0.39553838706445466,-0.9507057600855623,-0.9708147653981625,-0.9872878794181081,-0.68709101986562,-0.8614363666742534,-1.022468608495333,-1.1418360652575585,-0.8495764946027571,-0.5852565286646194,-0.9997480374776474,-0.9733271919720178,-0.9833078559264664,-0.9865482751836974,-0.8529324516109863,-0.6556920997151033,-0.7925015289947198,-0.7262361708157491,-0.7971681116542116,-0.9129886168115517
5,-0.6014650315138081,-0.6178499441868243,-3.5040461151481415,-0.2856790025112798,-0.5202370356725868,-0.6694337132057993,-0.3634532793424471,-0.4689935798844587,-0.24283777833035308,-0.28359428867389996,-0.5527523699775888,-0.36039118895592054,-0.7895634095185106,-0.2514727380127073,-0.664208769111544,-0.7076811790009473,-0.2794442176061213,-0.3014743170738146,-0.4371741036463478,-0.6453217858820949,-0.6531004552547366,-0.5810209416927908,-0.5852816825852546,-0.4794161077181304,-0.7566198450030276,-0.5618338538643506,-0.3741639019526784,-0.4740220084690328,-0.6403792399955216,-0.7113060945561986,-0.2968046308696367,-0.5933372435797257,-0.46278666656750195,-0.2787524480515897,0.021660436105205905,-0.43843160031802597,-0.7511555519928538,-0.6093508843988045,-0.5061040142579105,-0.6456644439142731,-0.18110834148633304,-0.45405165461485264,-0.4131579304803612,-0.4538192830491041,-0.30413022550421376,-0.39399434310131787,-0.615839471166069,-0.33657741297993393,-0.449610853952573,-0.3602813695869571,-0.771677944625453,-0.4287770982098864,-0.6601630094196322,-0.6187815402622607,-0.4892618690679062,-0.3784920812657394,-0.3431613718686715,-0.5465306999989678,-0.1282651024900514,-0.6916280970812987
6,-0.6203138946677437,-0.7615824029314168,-0.3137294931134855,-0.30645340892699025,-0.6073292255754406,-0.43337225963547954,-0.7361641828673111,-0.34327352661034793,-0.2687917977920509,-0.3786419742622199,-0.4371140196843685,-0.36964022321178436,-0.3939393427337212,-0.4727333681079303,-0.6410471365986189,-0.7841199947611955,-0.1822812142019953,-0.7905901391599001,-0.33605839933152537,-0.44057379716029726,-0.5397210208860977,-0.7264937969404379,-0.8333647855906005,-0.6847301679624105,-0.729872065748883,-0.494117889708519,-0.4842175522978697,-0.7059554270044349,-0.5524472277415223,-0.8477899524809556,-0.6809425473945098,-0.4093962705334397,-0.5978513791096282,-0.36525277364435466,0.07542041540768694,-0.8511515275610866,-0.844157900587368,-0.4062454368467967,-0.6350010150677745,-0.5729785203643973,-0.24803059238197567,-0.6128345020072982,-0.5832010184003725,-0.5298325388824697,-0.3353923311663693,-0.3814033121633264,-0.6392796042142234,-0.6139172509244935,-0.29128203437131145,-0.13063544596096954,-0.5837860028456658,-0.4293007040692731,-0.688922501321353,-0.702539160725523,-0.6126328461396507,-0.5591313456248406,-0.2591424456327472,-0.16995386264559342,-0.5807739907612641,-0.7499328768316778
7,-0.1959953008768235,-0.4277038789726238,-0.1690919794953968,-0.051620690227609255,-0.17374122638166276,-0.16723928331734864,-0.23018533348483375,-0.2582579168143304,-0.058782174666862905,-0.23527838183317074,-0.19142870676107282,-0.05979757564034298,-0.33786664035477476,-0.10939669276746819,-0.03506320024004792,-0.154929742585003,-0.06493459173324387,-0.2295265411337109,-0.7633078541828877,-0.336624818270769,-0.3311880737487893,-0.2179145536604055,-0.5383119737526526,-0.3064545660577975,-0.15888127805971267,-0.2511370771493586,-0.11747367039962824,-0.4917826756541764,-0.23783620902369473,-0.3141934673470814,-0.4604958331365421,-0.37710735152387587,-0.011343097070637746,-0.052986598254473084,0.25063812572688415,-0.4829848820335425,-0.6516897197122344,-0.3303226862142605,-0.46950363131189976,-0.2359312007923809,0.1239455855129713,-0.2889441235736517,-0.2617034037242766,-0.41048140868257005,-0.14706335592741587,-0.21509677852402154,-0.42288715644040764,-0.18365820408819702,-0.18485715288969212,0.028949009440140512,-0.35729152376101675,0.037232116644245,-0.11413210067446297,-0.30645999071791324,-0.29727987863772387,-0.16629393630152792,-0.09556577508493048,-0.17156316536932587,-0.28336532214484866,-0.3314231442166678
8,-0.48618012431648167,-0.8030052990279486,-0.23404067191625827,-0.16934232658330145,-0.5487995280600817,-0.36007292293768933,-0.5981366675147828,-0.31751122061155485,-0.23649786517940413,-0.33428638765433727,-0.3129782826283875,-0.32853340429683353,-0.32763114706337976,-0.37432289640136573,-0.5691988071707696,-0.5522035877607147,-0.20974032385968308,-0.6312080704854105,-0.8053207172432717,-0.40802411690196005,-0.5844573739042037,-0.5856269423866478,-0.7376088598489974,-0.5814509740213484,-0.5953901756099893,-0.444548033594446,-0.3378858288471998,-0.6251618037308414,-0.39425797956598546,-0.7667054464813767,-0.568815804192655,-0.36757947378334865,-0.5446440681081846,-0.2801941201448025,0.08895996575053389,-0.7557232146974467,-0.8455942302953914,-0.3757796197139957,-0.5160497704932396,-0.4222225307794699,-0.07821538073428251,-0.47602160834210916,-0.5458126624229293,-0.5160744835280144,-0.2620272283624397,-0.35569662399826024,-0.5712460473183606,-0.4881064472453825,-0.27688850531846954,-0.05784936508290239,-0.41874046069528675,-0.2575579821904473,-0.5363374192872238,-0.6311682306124614,-0.5456324199492517,-0.5059051738580128,-0.18925059548958925,-0.28904226420178875,-0.48883313890403896,-0.6130648769091775
9,-0.6404777947859073,-0.8084950804383324,-0.5629297952389184,-0.6842013655859912,-0.5202370356725868,-0.5514029864206396,-0.9631590357017076,-0.5849239568790281,-0.41223233283227356,-0.694279496820099,-0.6920356225671864,-0.6173088071743629,-0.7593019510917776,-0.841935568252095,-0.5791252211048804,-0.5995228546599158,-0.5448822776304367,-0.35148286088868474,-0.2538128792726381,-0.760820651314904,-0.5968841386314554,-0.6723732887876194,-0.9641533670913266,-0.8835115081080089,-0.672290040965655,-0.5224435217737033,-0.41288083711566814,-0.8494337579902993,-0.607239034372155,-0.6881390928420333,-0.5047928181051761,-0.7526645324629835,-0.47833957286023165,-0.9029964644127102,-0.2363874645467029,-0.551319983043152,-0.5655099372308314,-0.8598476030462806,-0.8008962290730625,-0.5379815942107534,-0.191983207256875,-0.4680325342594704,-0.8062637523674931,-0.5122910183055391,-0.4720379865606303,-0.6946052067458656,-0.653286512986901,-0.47976539948765135,-0.7274495814271283,-0.6537610753733886,-0.44237466720846763,-0.7471294607169787,-0.7276679279111711,-0.691921997568208,-0.9891881260270383,-0.5026079773768819,-0.7986976150003188,-0.7621772649791053,-0.7185520209357147,-0.7113924292000712
10,1.8624758937948305,1.8300934938070168,1.80608527653761,2.1601611128316924,1.4196712587764648,2.2956184297284064,1.5561177100297157,1.8861964345252134,1.8261532540246832,1.91200724841629,2.5639413139636478,2.110642463069058,2.2503780980258044,1.4433380677682288,1.6656623871375955,1.888638597127754,1.6694484883549003,2.0147278509710453,1.2073802563190206,1.7785794036782643,1.8382883473488292,1.4663463667266003,1.7084490155991081,1.5759020680908977,1.7922206197565027,1.7108555313656835,1.9357433242675843,2.00446168479892,1.9626734443678502,2.0276882276718093,1.7536612749050247,2.5106335936675293,1.254990904763721,1.7211350796531364,1.7316259999930088,1.9647362911344555,1.5153727272680466,2.2234865245527695,1.801311432338421,1.6689784104628813,1.6383403547389512,2.125753517903914,1.264459714564024,1.7546925527248318,1.7710180946990353,2.4599726695100954,1.773767750980844,1.654152651865225,1.6492273824800179,1.973933213438547,1.8418713922904544,2.4903255678707694,1.5579128035005763,1.8202167739320305,1.3938366478026398,1.1238519439581285,2.3122332466908886,2.21664207664951,1.7798406925758397,1.4320493890808175
11,1.1786566723962402,0.8758696704748608,0.8760752765537855,1.4905327460319604,0.7697574975659209,0.7044589823348351,1.249308537972902,0.9319606203299144,1.652796253803419,1.5733998685079,1.354726232462976,0.5588600490296661,1.0296842676650875,1.261832661342545,1.626429417778967,1.3426470559831243,1.0188788133881432,0.8119417132817798,-0.4788309254943557,1.6084810745863094,0.9300693709971232,1.0387559689802182,1.2948041764876845,1.108968121989891,1.0009321501547246,1.6546468552363331,1.525404783091331,1.444826544278813,1.4713146623254012,1.1440685644652193,1.0345274095548567,1.2725388139401541,0.756070042373261,1.68307493639232,-2.127544069787312,1.1492306143281457,0.9232458051354065,0.9458565425708542,1.456392606097211,0.6120712406228362,1.2864408521126967,0.7033654531074377,1.081320140369428,1.432066154662855,1.2501510761666683,1.099092075628844,1.2113474854656752,0.655312182876924,0.8061155140211239,1.551618252194146,0.9169861107413135,0.22258859086712443,0.9859184645663538,1.0050545804092952,0.9396510664157991,0.8511266921617278,1.2539417569345586,0.8160122727611046,1.591961560519771,1.127678674451719
12,-0.4344553370568447,1.1443698885463567,0.28693075452341776,0.816057017735229,-0.22009674681382682,0.34247302725805506,0.9772808353020047,-0.13408360190014745,-3.0199178607320136,0.3706506137923684,0.7381115147652607,0.5665675775762197,0.8414401953929097,0.4839988998737709,0.1663011967090561,0.45554079960908755,0.40984984277532377,1.0645655184885117,-0.5215558709794917,0.9202128355753431,0.8981148331270478,0.7044370852844385,0.7218256289606936,1.1749174867956294,-3.2300464321432334,0.9650947496494989,-2.713337472863075,1.4622389630877772,0.41126995178597975,0.19170334182420362,1.3497973572613067,1.1862585877342702,-1.38245457287707,0.7756865209242156,0.45651893535194105,1.1218363667868485,1.558821700935754,0.614117644902575,1.491401668045569,0.3848604277484096,-1.8898564810217418,0.094531432393009,-0.33288914363613237,1.0138212718874142,-3.5843822962324934,-0.3719600389598326,0.9279219742797596,0.9055436156088577,0.24040620548972932,0.7396836815436204,1.0780926184728292,-0.09419295406180785,-0.13290565788808614,0.9587519521954497,0.8897228642066073,1.1097211018961386,1.164965961894155,0.34019510077756765,-0.6449993394499345,-1.1951244578070306
13,1.620070746722125,1.13738289402405,0.49329255739253774,0.57922878459613,1.202409021599453,0.8386531525969431,0.8059363334850729,-0.015576994305698855,0.6227584890601624,1.0949931843800231,0.7975932221045852,0.003917993677830786,1.0101033239772013,0.14607949868268638,1.4969133502577125,1.3650067095728569,0.1411260773218833,1.740810085172176,0.19373092468416378,1.286134241060197,-0.1780429922529451,0.8418494393178357,1.2610690264974176,0.7835764446936531,1.7294376378960798,1.5231982189338362,1.3991936716151283,1.3379142927917735,1.326381496399211,1.6298201547546212,1.3754065516962983,0.8792491938728431,0.25223773589036,1.0118324097924638,0.7874414746138796,1.636306356326156,1.3322406894950651,1.1301021985644613,1.3422153245156339,1.4137700566655398,1.2920177063540004,1.1547481387765282,-0.11046011061778199,0.3995241003109851,1.249646848655988,-0.047740992306550954,1.1804751151095696,1.8195834323935587,0.7873603094977238,0.6715683652138785,0.7826650370580694,1.831629396762345,1.0342503884567453,0.4101985224008447,-0.08725931192551126,0.38951918480339887,1.0834254700604709,0.7827533498039693,0.3404999943704099,1.2936990642494093
14,1.2851746664987127,0.7550944794464187,0.9792561779883455,0.5716115022437032,1.3681651249629492,0.8905265293369179,0.8714719442227452,1.4338103411864056,0.9492640163340395,0.6058936356234605,0.9926636660496979,0.6657377782085382,1.0910972274134574,1.0917324420351717,0.8384612259616987,1.2256488685949896,0.6363288241400139,1.1313511221638541,0.6515999237998735,1.166435416884377,0.7339631885870663,1.0479679703679319,0.37383458175340417,1.4119619018049345,1.490565109279205,0.9650947496494989,1.1153710996722663,1.1749340527398693,0.8968844315203791,1.3085039135885885,1.118622466956248,1.1693201384177776,-0.05227179784097909,0.55799403484909,0.5592602291300159,1.1329746872157271,0.9282729591134884,1.1441261461335286,1.3410218337673943,1.3416225473641816,1.1779710371193426,1.079517691165013,1.3901437360701197,0.12298718768643387,0.9748428553354265,0.44121070911878685,1.223496334911365,0.6542695519072078,0.5239151110760104,0.6921975753023148,1.330584724721977,0.9378341947893084,0.8912518037231898,0.9198223539519617,1.446986024347908,1.2905958802896063,-0.007085666924974907,0.6824401466913181,0.6387081486551489,1.269981865706882
15,0.2524323039249444,0.7655749712298785,0.5190877827511781,1.0913179027433917,-0.19574839264743754,0.2654147502167882,0.2622470488736554,0.3497325047571887,0.6952712457241422,0.8478692018503915,0.6106507133238519,0.1385428256242946,1.026569117532924,0.13206741165161925,-0.21090253278715262,0.16798525460624947,0.5196862814060753,0.7990362826198778,0.0128619887970873,1.3391587201907138,-0.012352795889589737,-0.21023788583731068,0.5222692417105775,0.17012291923650108,0.20927218361886102,-0.009041440592235113,0.42578285291098394,0.8388743697268617,0.5592962035703508,0.2395482366686755,1.064635516525725,0.4679624714067589,0.026720594645779694,1.181949716791568,1.1908404304169407,0.44059260650162146,0.8456840009021435,0.8215753520449829,1.201383416223375,0.5366932458303726,0.9799927115530666,0.7842548281941552,-0.15376300878374755,-0.026287712909405878,1.0482079581393564,0.2937907218864693,1.064703726274173,0.20002999276743427,0.3712564696064744,0.9226219596863563,0.5750779231839649,1.43997221394112,-0.06300411507140392,0.3370580650948976,-0.30984245854842385,-0.015093926238238584,1.481957721940606,0.7875812579751661,0.3618196121923753,-0.19850801071792223
16,0.1310105575612203,0.3343775949961011,0.44953280008770236,-0.16137880412394576,-0.08009371035708855,0.019955945787777523,0.30361869140637604,0.26471689496117096,0.27703510004747084,-0.11488464675463222,0.3531429492523674,0.21664578156270115,0.08445871327713203,0.1666088354956453,-0.1541801674493769,-0.09565066097501468,0.1906463520036965,-0.22307382580275995,1.7962724215891488,0.23246959140725323,-0.3056244434527286,-0.17876354776262188,0.6426777770604525,0.5496428487789583,-0.1150446398376424,0.18746763185998208,0.2105532763356237,0.5926627677681092,0.412153690602603,-0.35297301369470613,-0.03102272105783252,-0.019811936254111522,-0.4034400504505071,0.5752940999676435,0.2912567767554254,0.24522044546533672,0.2722293649738076,0.002866964650818624,0.26807365110010023,0.627146839581329,0.3436736426203313,-0.2876126112265452,0.37791208723447417,0.327982212467818,0.5984370186128596,0.29169221673013734,0.7632693323805285,0.017917116723638223,0.09952408779070061,0.10718431562458705,0.5656242405786923,-0.09000410718671438,-0.39214052239109626,0.2857417765012086,0.39011872468108283,-0.2202266501714552,-0.13819484680345234,0.6878044891037592,-0.1429223397426525,-0.6313468841190422
17,0.5285900664128367,1.4258459535878503,0.24409225526710485,0.050520141316300296,0.2411172696072004,0.3793106426241241,0.5917557062139085,0.6475447621032375,0.29962104064772677,0.1872877870115682,0.66754625947451,0.9144340326439905,-0.003655533318355506,0.861673524734395,1.0918211244704308,-0.03689157130897358,0.5889207886626383,-0.19984405061133623,3.5932124204515037,0.24874443153642184,0.0162879380532187,-0.06514886398081822,0.9782127688867204,0.4538296206649607,0.2679686992043451,0.4083190443682172,0.3660307325019605,0.11730373428338872,0.539412080196331,-0.2756657362354803,0.01535068508120623,-0.1873437865250454,0.1736546304113047,0.6214276069504511,0.38244963053518943,0.4336687856944806,0.21298076451784298,0.09619875364495553,0.09541532285478845,1.1192574627264134,0.7148132923790826,-0.1561257669497822,0.6620213459331268,0.2612556439987095,0.6607091161818308,0.5681702710768681,0.5633135632685284,0.06692077230030867,0.32851204999500416,0.3321594747022496,0.3351907270751799,-0.38688862945895325,-0.02465812586910958,0.3547533370237556,0.49867229980687383,-0.16935561874829239,0.08015522403386058,0.948511530348403,0.019373250927058133,-0.5374663065548723
18,1.1852318572173806,1.7113145869278046,0.9097011953248698,1.3139502914984218,1.238931552849037,2.1407500875771777,1.3679316546153932,1.2132850018367356,1.383944311745985,1.770623816103664,2.088087655249054,1.3640398645262646,1.859649267162986,0.9626908963537162,1.7238028116088153,1.1320503186844812,1.0752051921731438,1.2207212294975256,-0.9313593064244237,1.862053583695613,0.5178558324731471,1.1984306597005907,1.0939502834687123,1.2651312405393282,0.9195743215900347,1.3081004504388418,1.2909691678130701,1.6892969043566692,1.1452150389914733,1.8786136079458755,1.4650387322187686,2.1049047998834194,1.1039639989211616,1.138411219576543,1.0900902469834022,1.2843956379110297,1.4367336757537663,1.9696047151127598,1.1552351072914484,1.1730988875781736,1.4980824705701663,1.565186819772094,0.7211667678183482,1.4327540574305777,1.286707570690963,0.781168544444558,1.2216382755843775,1.2867990068684836,0.955720982661269,1.0098095645884262,1.8367506475459319,1.889226041294878,1.0733952524340873,0.760269985393423,0.8752275796942617,1.469115518339409,1.5139295257294978,1.3964341217872456,1.1970156403678647,1.525929966644987
19,-0.8991017310840921,-1.0799897247336738,-1.0949563182608688,-1.18070967892147,-1.2005862395911173,-1.1539611234799105,-1.2937660552330947,-1.1872466711308125,-0.7736073824363707,-1.06694563073097,-1.2739218900170972,-1.177903050127004,-1.2902125379019613,-1.1084910843314655,-1.216306458399228,-1.0498358781182486,-1.0736461584746304,-0.9486816647681995,-1.0203696095184573,-1.2060162780740948,-0.9256608282724561,-1.0535198462042776,-0.9055061063390168,-1.1992596462109546,-0.9523987292660029,-1.2425341994308146,-0.6899965384003743,-1.2969329213806773,-0.9068264932073895,-1.1733870526593884,-1.087921096793835,-1.2679639202631545,-0.7857141156454945,-1.0460103360594148,-2.127544069787312,-1.228650279393908,-1.1134697208417526,-1.2936228088894972,-1.1434280738177938,-1.0607818295213414,-0.38103856603706543,-1.143109294242446,-1.1155098153673646,-1.1716458211678091,-1.0004684177531962,-1.2937284288786293,-1.149388353292657,-1.1738100816621946,-1.2560846484587782,-1.1044898542867676,-1.1569155107902998,-1.0398251361141242,-1.0004836635899939,-1.139612377368321,-1.23979548937382,-0.7689743502453872,-1.1930165283966472,-1.1591386034997564,-0.8318124906149053,-0.9668464218352071
20,-0.33977267563242464,-0.5739316929037543,-0.6232721974171656,-0.7368298618391241,-0.6063927504151948,-0.5096787486080512,-0.6940602988738344,-0.6647871054752869,-0.4306577054272193,-0.6360627893972529,-0.5501662087889225,-0.6620124727443718,-0.5799583077686391,-0.6353387501661282,-0.7757627542758363,-0.5319239019467712,-0.6394636553402505,-0.4450472331874741,-0.37878334481666176,-0.685746388783578,-0.5851674747457609,-0.7307159642431401,-0.35769917072784024,-0.7525460242249151,-0.6206519671277926,-0.684430730146477,-0.4153196991731793,-0.85883646414714,-0.5369817984506178,-0.8014559490526248,-0.6799043368093075,-0.5766634575338033,-0.340819138271885,-0.7233641215984016,-2.127544069787312,-0.7289310385306835,-0.8035815863357073,-0.395606580070263,-0.6357966755666008,-0.6499717579024138,-0.1682815767313349,-0.4703626808669069,-0.5859470558450435,-0.9611475742446431,-0.5539749570461187,-0.6563074876428081,-0.7444743476498431,-0.604186028540474,-0.8238426093264638,-0.7678055764283281,-0.7370144417394545,-0.5230261528994863,-0.5810744066899003,-0.7933748899603285,-0.7907637869247025,-0.5553631210749768,-0.7268230173353691,-0.64308886342291,-0.571713153186929,-0.6387585086635819
21,-0.33495087343025504,-0.5444865017026053,-0.7227680666576343,-0.9996261029978607,-0.6625812600299393,-0.5514029864206396,-0.7984047070315812,-0.7441350079515697,-0.43541264029043114,-0.7778422537331635,-0.6543515595323353,-0.750392133411516,-0.5234405839422407,-0.7480871713928546,-0.6632633963559144,-0.5355638455544022,-0.7453103088070641,-0.5228024529254337,-0.535085437049785,-0.8920693620340051,-0.5317915614887087,-0.6362929500190736,-0.46461364608160854,-0.7746328397966483,-0.6176799916551098,-0.7893240863878631,-0.4586095006940025,-0.7150098847850964,-0.6165182919466977,-0.7871024805992832,-0.6792121964191725,-0.6205975604484558,-0.3326333981178168,-0.8124594569589495,-2.127544069787312,-0.6335027256670437,-0.7030385067740704,-0.5532550941225356,-0.7161583859480593,-0.708658910990832,-0.2067618709963294,-0.5549137149081671,-0.6529081227650978,-0.8060255001231598,-0.7052432102500975,-0.819990889836698,-0.6925916141347209,-0.6378977632279705,-0.918490967037576,-0.8775685433139696,-0.6976240975508198,-0.6842967575905788,-0.5611025373137055,-0.7379297045832395,-0.8162110641797099,-0.6130640594947678,-0.9684703715537348,-0.646843903111619,-0.4472598841512067,-0.535489873342995
22,0.1507361120246412,-0.07535972663344925,-0.24141073630444104,-0.5076189110524526,-0.08758551163905452,-0.05635054318479389,-0.22286291887727255,-0.3716120632090205,-0.06234837581427172,-0.3014157297217101,-0.08539609802575572,-0.12145780401276897,-0.19234462703798488,-0.19737956482300606,-0.1177833163576375,-0.006212046616084774,-0.31159719216255916,-0.11111921481076,-0.34887588297706634,-0.2983001947407915,-0.06643880998819932,-0.10775437039899463,-0.16281380424560732,-0.23646113642906566,-0.07120800161557195,-0.23874461312084036,-0.031198925115170646,-0.17835913709282217,-0.1887887047011122,-0.09184061393829865,-0.12065490158030279,-0.11456138711824172,0.22890837645126555,-0.4214779852796518,-2.127544069787312,-0.19368958656995294,-0.39781844381910136,0.028496937794286265,-0.22046189517926126,-0.3306921085314782,0.14708953061438096,-0.12882976383409972,-0.13855418601326208,-0.43215034586583717,-0.16950148015267277,-0.1327304511379936,-0.47105377130155407,-0.06584090451024507,-0.4583342048936892,-0.5163627515768232,-0.22730338793852253,-0.12246767046868767,0.05842485073586124,-0.20736646791630706,-0.3597706607576156,-0.10082103474764251,-0.4180100908163088,-0.2134050361863674,0.05215216332832967,-0.02853475449647771
23,-0.0237254585629478,-0.45615092809915764,-0.6347879230237015,-0.6824701650513486,-0.10444206452347785,-0.5675664298975881,-0.4264260449674733,-0.724555655392487,-1.1137833474419818,-0.5437873279719259,-0.33145086254743217,-0.36552954132028925,-0.4179705008961268,-0.5486593280669687,-0.35412650526503653,-0.02961168409371173,-0.6350044836864379,-0.37439000031356084,-0.692811694132413,-0.4972732401909488,-0.34172123623188827,-0.2551463926024153,-0.6921961579390229,-0.46510633988292294,-0.22017827218379413,-0.4671200216463901,-0.1766160752942739,-0.23338238052914875,-0.4185607970231208,-0.08453797209361598,-0.3545983534459013,-0.331320605715232,0.11389872728660648,-0.676365611359666,-2.127544069787312,-0.42036945908200585,-0.3626283659725283,-0.2703582207465251,-0.3680569177115438,-0.7996509189903062,0.05702333461732869,-0.45571604504873564,-0.5432778586278482,-0.4486600122911836,-0.40497572764019973,-0.47531141790917986,-0.6439962163519618,-0.35882020700055034,-0.7296304191624075,-0.8078963054681193,-0.28717671110524706,-0.5706742861036725,0.06561472371129139,-0.3737020240475744,-0.49441574800562926,-0.1399163644524806,-0.6988167085900611,-0.6361152182867365,-0.036324250632826204,0.0006176353787117403
24,-0.10569609599983007,-0.4272048079353161,-0.6195871652230742,-0.6904336875107043,-0.28658648319127433,-0.3476684198042172,-0.4275244071586074,-0.6900341653541041,-0.9235859529135098,-0.5081444458763058,-0.2871166707417248,-0.3485729785178721,-0.31072033206020544,-0.576683502129103,-0.4552813901174032,-0.048331394075813335,-0.5951066320470625,-0.21920219660418935,-0.28265221747510505,-0.46997350836137575,-0.2102342304035399,-0.19949055088497789,-0.8030031505993604,-0.5447433087049468,-0.20011743774318552,-0.38037277344676257,-0.20954071307067468,-0.3068627879029774,-0.3756994644169001,-0.11349672423632266,-0.18121718571710713,-0.2521862878147434,0.022218437561042106,-0.6553171987987598,-2.127544069787312,-0.3165121469748899,-0.3690918496586336,-0.1939518857150555,-0.2737711486006246,-0.8228027316765628,-0.02913906341081126,-0.43674199410246867,-0.5413767557815377,-0.3289649307074224,-0.3439641988479283,-0.48632856997992235,-0.5821085479992125,-0.22432081190713613,-0.6825243240803791,-0.8269685940404471,-0.21903141565890924,-0.5314038466496727,0.063218099386148,-0.3804852116203034,-0.5478872419845054,0.06121262089650563,-0.6794849202525917,-0.6634733645901866,-0.12053674102958896,-0.1332857147259726
25,-0.6330259186552816,-0.44666857839031304,-0.4118434752811699,-0.38608863352054673,-0.8166314238903636,-0.7258178183579457,-0.7892516887721297,-0.5751342805994866,-0.4346201511465625,-0.6586366147244791,-0.9606269345900977,-0.679482870783226,-1.0071788973225173,-0.6529353245772359,-0.9719276010689775,-0.5958829110522851,-0.34116854102468464,-0.971911439959623,-0.14806863919692606,-0.5959722706517129,-0.8568993967816637,-0.6819691235664879,0.09357333568041949,-0.6131813287863734,-0.6291963966117554,-0.5547524458480543,-0.4976312936141812,-0.5562086252473435,-0.4053047147737742,-0.6193935334076077,-0.8958521385313984,-0.8339161565280336,-0.6134042854023578,-0.33843767271059744,-0.05479820112498937,-1.1103432542979759,-1.1483007162613197,-0.8550117590569469,-1.0614750424386827,-0.5708248633703269,-0.24105952458034627,-0.8228805747633421,-0.6402341037896933,-0.6392090789503894,-0.5479242269179595,-0.31530039973887086,-0.8812560996442564,-0.9944775548709756,-0.30349472568887437,-0.4786074048111946,-0.8287939436989733,-0.7230435911851921,-0.47482406160854335,-0.7158106146721666,-0.8203985908166098,-0.4832958265588294,-0.6762629555296803,-0.3716531373533839,-0.6481972821232294,-0.6861929057486361
26,-0.4572493111034644,-0.8199737142964075,-0.28194609043944696,-0.8729022238620273,-0.919643691517395,-0.7216829839801217,-0.7713117729836048,-0.5488567284807174,-0.5632015147392484,-0.551707968437619,-0.6787353650254743,-0.7421707696285258,-0.7001140985806672,-0.6529353245772359,-0.7256579982274677,-0.41128577095100527,-0.6138820916420628,-0.7834921522958539,0.06804837671538798,-0.6054221778234881,-0.7489640688649636,-0.4877494276421888,-0.5665975995137223,-0.7121053759949812,-0.7948840292138178,-0.6552199220792555,-0.4272091517035463,-0.6693893475056103,-0.4044209759571512,-0.6304734037926435,-0.7404666209461118,-0.7576931346038172,-0.4996224972608091,-0.6858806471748701,-0.21209591834335964,-0.662703187331943,-0.8782707311529233,-0.4362276695806646,-0.6763753610067431,-0.6989674545175153,-0.32833729345674684,-0.7399939311559651,-0.589960495187255,-0.678419536710587,-0.5968342954539126,-0.467966649862018,-0.6149819053228438,-0.6121795326416328,-0.5503655573224666,-0.5144165996816877,-0.7862523719752478,-0.5062707653991129,-0.5343402323496043,-0.7665370608682269,-0.6210078994134508,-2.5671240026335718,-0.9402162193682029,-0.355023675874816,-0.7654551801440382,-0.32401151967212827
27,-0.2358847554584079,-0.5055589607926114,-0.3731506372432098,-0.28083164101428054,-0.27768996916893984,-0.4273579550859174,-0.4048249218751677,-0.5272163914417313,-0.44333753172911744,-0.3790380062855047,-0.4315722457086551,-0.47343494097203503,-0.5488068064470022,-0.3599849468812039,-0.18254135011826478,-0.3379669068544409,-0.4136887537103729,-0.5644224668100676,-0.31184759688994806,-0.4704985032042523,-0.6197257157015464,-0.2885398976328779,-0.3582181730353828,-0.5428768172481807,-0.23503814954720775,-0.6065352419672196,-0.10527936011207234,-0.5865062339749412,-0.3262100906860059,-0.2489733212169854,-0.6459894576926971,-0.3667854839716383,-0.2990718634861369,-0.4096562741153073,0.07223463885642871,-0.6398244750996507,-0.515238397450013,-0.38158263250119573,-0.6576773392843247,-0.3414603935018301,-0.1518298567194894,-0.3448676421521229,-0.23572166482469722,-0.5573486495913802,-0.4238842592906969,-0.33313769356769224,-0.6452825651167995,-0.3949647472840518,-0.3916005701941492,-0.3443229240468461,-0.5510920171690992,-0.35075982516127346,-0.12931072140037106,-0.40407890752544773,-0.5443439502148208,-0.15663786089250176,-0.332256260498817,-0.4199322190653549,-0.580241000315715,-0.4169038806303593
28,-0.28892457968227303,-0.6238387966345158,-0.3054381706767798,-0.3126857308517033,-0.28518177045090587,-0.3585693468002986,-0.47438786064699895,-0.5540091896804762,-0.4134210665480766,-0.3703253017732419,-0.4433946968568437,-0.5042650551582482,-0.5541470638164256,-0.5128144542665642,-0.2151567101874858,-0.38528617375364205,-0.4348111457547481,-0.683152428899566,-0.4143874660542751,-0.5030481834625893,-0.5964107380704172,-0.40138691463237197,-0.3281160391979141,-0.6337127348108015,-0.2703303582853152,-0.6202554699987934,-0.16777520033579596,-0.6937667338381599,-0.33460560944392537,-0.2363825594158086,-0.6577558443249905,-0.4265993831205025,-0.2290837851688533,-0.47020650203024267,0.013695994727060597,-0.7367579663996255,-0.5953137786723166,-0.4347769163838646,-0.7340607471716516,-0.3371530795136893,-0.17971412792600713,-0.3894733057801894,-0.28430540423041484,-0.5174502890634599,-0.4269096243547766,-0.4244226678681307,-0.746618262257906,-0.49262451478082037,-0.35757950152379564,-0.4486366656261083,-0.6038750783818695,-0.38531781188079334,-0.15447527681437678,-0.4261979974365203,-0.5704354623370437,-0.2988883376498643,-0.3570406045212134,-0.38506399338448694,-0.6167508458358305,-0.18763762805259718
29,-0.5462334790162298,-0.46014349639761865,-0.1888990275386383,-0.33138269662584263,-0.6672636358311679,-0.4555500076619905,-0.4765845850292674,-0.5880154335988832,-0.7496345858343446,-0.6780421838654277,-0.250540962502016,-0.5474272150189465,-0.3748034204932871,-0.7115905726142611,-0.622139681486027,-0.43936533592415783,-0.6265555268686879,-0.5363531551204307,-0.4453630515309988,-0.520898008120387,-0.609310903358707,-0.493123095118355,-0.6574230033336711,-0.47848286198974743,-0.4939715126046909,-0.4237463975465762,-2.713337472863075,-0.5732727956801282,-0.3518385163680761,-0.5463671149607823,-0.6826728983698472,-0.3104122073401866,-0.5479183641698118,-0.584675266231335,-0.07789508112161073,-0.5061646299531015,-0.5497103104425741,-0.30856138826225976,-0.5013300512649524,-0.7463479083870639,-1.8898564810217418,-0.3628430588380602,-0.6622024033470612,-0.5418708373176181,-0.4261532830887566,-0.38455106989782434,-0.6122662801526307,-0.4554373435276024,-0.29128203437131145,-0.5681303919874271,-0.7118046214587284,-0.4366311861006864,-0.3034654223607909,-0.5176235690689546,-0.4374009622570683,-0.10953505401920274,-0.31664212376470713,-0.34590429377366594,-0.8027645113324776,-0.9530113893520662
30,-0.4011410672964007,-0.6328220753060527,-0.17784393095636394,-0.8438180548800327,-0.3320055284631928,-0.38187477692985267,-0.5410218335758057,-0.6431467684363007,-0.4088642539708319,-0.573093697694991,-0.5239351453038791,-0.6142257957557414,-0.5732829860568597,-0.6382715125679795,-0.44913646720581085,-0.47160483644888823,-0.7166777329246887,-0.5237703602250764,-0.06938353126180025,-0.7944203212589938,-0.34550844072019354,-0.44783075496209557,-0.4101184037896391,-0.5313667865981225,-0.6975518324834583,-0.5844058419162944,-0.4080031130006458,-0.5711833054230526,-0.3783506808667694,-0.6659793520719621,-0.6823268281747797,-0.339525167102908,-0.35105131346447027,-0.6247537504226495,-0.20413147696521425,-0.2731630080084416,-0.28363023203124227,-0.3129136478526598,-0.6393771478113194,-0.5282901377374366,-0.3341929904101155,-0.4587119478297254,-0.262548338322637,-0.6529671343048445,-0.6084315281995512,-0.5036412375196607,-0.5468054207864433,-0.5440609759534955,-0.5883121339163226,-0.6479226196879821,-0.5696054789377574,-0.3083477505509536,-0.515966112523505,-0.7128614026840235,-0.3504292551829926,-0.23459300626781135,-0.7597861948851565,-0.5009337894932173,-0.6314080830884317,-0.27756533919301246
31,-0.44015383056849977,-0.6138573758883635,-0.1483636734036324,-0.6502698351069975,-0.29361004689311737,-0.4649473585206817,-0.5629890773984892,-0.29174891461276176,-0.48335823349448354,-0.5144809582488605,-0.4057106338219922,-0.7072299735508176,-0.4206406295808386,-0.5730990147490626,-0.4444096034276629,-0.46484494117757386,-0.6373514161358129,-0.5486133142492375,-0.10890410583555103,-0.9093941918489263,-0.4902506622576103,-0.5192237657168775,-0.6024087587341593,-0.5282559675035122,-0.6150795131165124,-0.6543347460772184,-0.4708038109815583,-0.5179013038676225,-0.39867667364910103,-0.675296515804833,-0.7311227256792907,-0.39245782121694717,-0.3060297426170949,-0.6362871271683516,-0.1181155100812447,-0.4847910961571445,-0.5536602171396384,-0.20555791128945586,-0.6481294132984088,-0.5013694253115567,-0.30128955038642463,-0.4460625805322139,-0.3497878356033385,-0.6316421485054389,-0.6328865624675277,-0.38979733278865397,-0.6199843727416573,-0.5826383218330018,-0.46618522074069396,-0.6989117993405319,-0.8524281502121539,-0.45181575602289986,-0.43767638456882074,-0.6692130652595066,-0.29921258323937,-0.2816958131411102,-0.6252072068435434,-0.5481400027227002,-0.6929684795493564,-0.2958473464028773
32,-0.3928124998562895,-0.895333440929857,-0.27181225190569547,-0.37050782870876386,-0.34605265586687894,-0.3570657706629081,-0.5783661480743678,-0.3381210654105894,-0.5679564496024602,-0.45784837891915325,-0.4596505671856032,-0.4508261905688121,-0.6253504954087385,-0.4205953698527968,-0.3021310037054088,-0.39100608513706203,-0.4425560228376857,-0.554098122280546,-0.07365602581031379,-0.6243219921670387,-0.41876717754084836,-0.33997357204761314,-0.13945870040619196,-0.7513016965870711,-0.4393614632941458,-0.5060677657360186,-0.3384955443615776,-0.5875509791034789,-0.49765542111088934,-0.31520072829117546,-0.6750593540783633,-0.4723861289291464,-0.23235808123048068,-0.3995645694628181,-0.07311641629472351,-0.3631726785012754,-0.47430300077134646,-0.2829314151187921,-0.5606067584275135,-0.21493304510019443,-0.22488664728056593,-0.24100967907781895,-0.42245221106232467,-0.6770437311751415,-0.601876570560712,-0.14532148207598533,-0.5645284482130967,-0.497142582316258,-0.25333545777745536,-0.5424411869716387,-0.6156921816384597,-0.4355839743819132,-0.11133603896179568,-0.5701195424579008,-0.2840730638598088,-0.17218178716069027,-0.42123205553922044,-0.5867632680922771,-0.7598587804657724,-0.19850801071792223
33,-0.3419644039061379,-0.47062398818107865,-0.16540694730130542,-0.24274522925214487,-0.22009674681382682,-0.04507372215436461,-0.37992871220945973,-0.161906892378844,-0.5467573650039742,-0.3366625797940454,-0.17406448163717061,-0.2694423521065919,-0.30315496745352216,-0.26352965010920676,-0.1986126869639679,-0.2516482441591945,-0.3094849529581216,-0.34599805285737634,0.010013659098078057,-0.3581496068287018,-0.26727899800863786,-0.04634102781423601,-0.11817960579694688,-0.5655857966388359,-0.20829037029306313,-0.3210659813102826,-2.713337472863075,-0.5227767811341323,-0.2524178994979762,-0.11727395277667575,-0.5653551022419804,-0.2537742674381646,-0.09156335058050674,-0.31133423735819765,0.07860619195894504,-0.31079246891681706,-0.4549125497130308,-0.1281844074601196,-0.4734819338060313,-0.1600147917513996,-1.8898564810217418,-0.17742996450348544,-0.2690965814599294,-0.5435905942369251,-0.5025437509567658,-0.06400440726812336,-0.4776284427662803,-0.36785634207142565,-0.22934624268938536,-0.4443551314568102,-0.5046114110265102,-0.32457953219194025,0.024872110183853668,-0.3748817088428315,-0.2592700214720168,-0.03134439460952672,-0.25592048090983577,-0.3426856883262011,-0.7388056578665817,-0.08091023461122526
34,-0.4484823980086107,-0.6917124577083509,-0.27273350995421836,-0.40132319822540113,-0.24819100162119911,-0.1420543830160565,-0.511366054415183,-0.2721695620536788,-0.5443798975723683,-0.3628006933308333,-0.2272655118040197,-0.451853861041686,-0.3792536349678067,-0.34206250998100185,-0.2789693711924837,-0.35356666517285884,-0.45147436614531083,-0.49021624050413115,-0.24989642593650066,-0.5145980700058701,-0.5231520012497622,-0.21944988722502448,-0.1506172500183572,-0.6682428267609758,-0.16408223513690748,-0.3268196253235233,-0.2189913035435304,-0.5697903119183356,-0.3076515755369205,-0.293796433229175,-0.6141509997464915,-0.32258671778641546,-0.1775136221982233,-0.4555014466794727,-0.01855999285442806,-0.3911689974171066,-0.40140926808915983,-0.11754555068358594,-0.5598110979286871,-0.22139401608240575,-0.2541651320474096,-0.2053917237927212,-0.40639845369347877,-0.6577824536789039,-0.5590172321529181,-0.12013942020000212,-0.5490922630350439,-0.4655161095681942,-0.4613873777230801,-0.5665734704713189,-0.6042689818237559,-0.4020731993811667,-0.0214626267689184,-0.5518344281314137,-0.2547603774015092,-0.07091075238309769,-0.3240774269714262,-0.4505089708162699,-0.8158227772484313,-0.19702568580901422
35,-0.40552452384382753,-0.6667589058429704,-0.1916628016842068,-0.5103888319078805,-0.3933446514592889,-0.4690821928985057,-0.6581804672967846,-0.36697484812923775,-0.5172371443948676,-0.5663611532991517,-0.25312712369068235,-0.49501602090238433,-0.2960346242942909,-0.5757059146618193,-0.455754076495218,-0.36344651210785694,-0.5176578612176865,-0.6157215536911281,0.011437823947582679,-0.6237969973241623,-0.6078907016755926,-0.2294295553950477,-0.2793298222889132,-0.6809971850488781,-0.3524311807181757,-0.5100510577451851,-0.27478027310909847,-0.6188933329596144,-0.31604709429483996,-0.5886720746127363,-0.6774818454438353,-0.2831518904714563,-0.26387318082364336,-0.47251317737938303,-0.1161243997367083,-0.6049043353766785,-0.5123657380339661,-0.17509209415665458,-0.6246574285830323,-0.35384392121773484,-1.8898564810217418,-0.33587993380915443,-0.4853998386401673,-0.6374893220310824,-0.5650679622810773,-0.1941117269607025,-0.5801075610316873,-0.5416281703574906,-0.4722915663994753,-0.7923270903070353,-0.6720203738282075,-0.545017598993726,-0.36737540436461463,-0.5783773360247012,-0.4770214065908141,-0.10435374526314002,-0.550854174776354,-0.3528779389098395,-0.6993643648959459,-0.19010816956744392
36,-0.4682079524720315,-0.7091799440141175,-0.6435398744846685,-0.7877271575576146,-0.5993691867133517,-0.8066350357426888,-0.7632571169152873,-0.6271741387170489,-0.5572578461602335,-0.7128930019144782,-0.8911700340944894,-0.7853329294892242,-0.8100343961013006,-0.9005908162891203,-0.6216669951082122,-0.5844430882854451,-0.8509222690289403,-0.8628605508665512,-0.4795430079191078,-0.8280199912030837,-0.7735808980389478,-0.6028994449886113,-0.6348464029555696,-0.6464670930987038,-0.417814641117196,-0.6565476860823111,-0.3546530054925891,-0.640832980658909,-0.4830737306366081,-0.5977374231095837,-0.7401205507510444,-0.9395168014855417,-0.5953956570634077,-0.8026560867251028,-0.2543074576475298,-0.7379621091486936,-0.6972931879419769,-0.7728024112382773,-0.7611132041317464,-0.8631838003153827,-0.187242881151767,-0.7925886688666702,-0.6837482356052489,-0.6171961903832607,-0.6207851022112093,-0.7748730289755615,-0.7191761552747009,-0.8547650049289794,-0.7815343572620497,-0.803225540919794,-0.9197856387747192,-0.8434729388441249,-0.5810744066899003,-0.67835562242275,-0.6422676500315581,-0.25319861498276436,-0.685681006258191,-0.8319137163408414,-0.703628288460339,-0.753391634952463
37,-0.4590026937224352,-0.5844121846872142,-0.33399717018098846,-0.5408579613175893,-0.6279316791008469,-0.6179362305001721,-0.5732404578490748,-0.34430401885029976,-0.5055479295228053,-0.6816064720749896,-0.7178972344538491,-0.5982969034261982,-0.6329158600154219,-0.5981904264093456,-0.5143671873442529,-0.3374469149104935,-0.32966857202274685,-0.7131575551884881,-0.2879928356607471,-0.6006972242376005,-0.5485972814055633,-0.45896192330558316,-0.5528440383638444,-0.5839396292970367,-0.3502021991136637,-0.5693578498816652,-0.29886403592702115,-0.5896404693605546,-0.41900266643143247,-0.5813694327680539,-0.6491040894483041,-0.6637376735513978,-0.3637392107032761,-0.5607435094840035,-0.11891195421905926,-0.6693259724518169,-0.6082407460445272,-0.5131175890110675,-0.6210769563383138,-0.7371948661622648,-0.14151267637307788,-0.6088399649659786,-0.534617278994655,-0.5518454274495982,-0.5181748037878436,-0.5015427323633288,-0.650570887816688,-0.7397280546036045,-0.4055579316999353,-0.5268719718105548,-0.7271668556922958,-0.587429673604046,-0.47881843548378233,-0.5474106101491993,-0.4489971898669451,-0.17335935733252278,-0.46039131909460684,-0.6404066922166894,-0.7025623075692407,-0.8680247612413441
38,-0.5286996528265223,-0.6263341518210538,-0.2768791711725712,-0.456029135120105,-0.5853220593096655,-0.47772775568850145,-0.5417540750365619,-0.3710968170890447,-0.5283319924090284,-0.7105168097747703,-0.5989338197752008,-0.6039490910270038,-0.5755080932941196,-0.5502886405124415,-0.27471519379215054,-0.3093673499373412,-0.23320964835343333,-0.784137423828949,-0.4076226830191287,-0.7534707235146342,-0.760680732750658,-0.571808940305077,-0.4607211287750393,-0.5602974041779983,-0.3431437573660421,-0.7273617662452722,-0.3308741004318552,-0.7153581331612756,-0.4592127825877839,-0.7206232582890695,-0.7356216382151676,-0.5655476001698551,-0.3575999055877249,-0.35025938387494193,-0.09939907284260312,-0.7475952511412378,-0.7332014306425616,-0.5406818997502686,-0.740426031162262,-0.5099840532878382,-0.050052266815699624,-0.4667010219123641,-0.37365723800701706,-0.6653493841238544,-0.5562439808441784,-0.4763606704873458,-0.7027394766128853,-0.7244361337144308,-0.19139966609552928,-0.4926196984561702,-0.8855160393306071,-0.5345454818059927,-0.44566513231929866,-0.4120417798934338,-0.3626697176600847,-0.2602640360137592,-0.4926109663237223,-0.6275322704268306,-0.6404689206627668,-0.7711795338593582
39,-0.5751642922292469,-0.4870933324122297,-0.6513705678971128,-0.5945251778915078,-0.7618476270159876,-0.6840935805453574,-0.6695302099385043,-0.686942688634249,-0.6903960223301642,-0.7196255463103176,-0.8867366149139186,-0.6979809392949539,-0.6547219109405676,-0.7184336848852474,-0.6349022136870266,-0.4580850459062594,-0.5913515401280625,-0.6560510245095719,-0.45924865881366833,-0.7277459762136904,-0.6984285589741402,-0.5261327667576629,-0.5377929714451101,-0.5755404177415888,-0.4285880522056708,-0.6583180380863851,-0.40221081561405675,-0.5837202469655067,-0.41590958057325156,-0.6659793520719621,-0.6812886175895773,-0.8217416460818046,-0.5565133913315835,-0.5918836266973989,-0.13444261490644258,-0.5699841956537063,-0.522060963563124,-0.7152558677652084,-0.797315756828344,-0.6881991695471632,-0.1618681943538358,-0.6584387998956943,-0.734021844207687,-0.5325841499533608,-0.5118719599043446,-0.6594552453773058,-0.6843018109835443,-0.6834259822389194,-0.663769119556979,-0.6323534045268984,-0.81618903355861,-0.7178075325913255,-0.5419295427125583,-0.5698246212590863,-0.5646373485321053,-0.06054813487097191,-0.5845608826468134,-0.7975819249012175,-0.7513309333369863,-0.9268236492946926
40,-0.45944103937717784,-0.5205310919118399,-0.6794689383770599,-0.649231114786212,-0.8002431085860631,-0.7359669572853319,-0.6113170138083931,-0.7874156820295424,-0.750228952692246,-0.7881390863385649,-0.9144454847924858,-0.7267557125354194,-0.6556119538354716,-0.9162322157656604,-0.7379478440506524,-0.3925660609689039,-0.7929530375293772,-0.6805713427671856,-0.2844324235369858,-0.6873213733122072,-0.7077782200546439,-0.487365594251034,-0.6722145690986342,-0.589228021757874,-0.4259875736670734,-0.6091907699733307,-0.43848888871953534,-0.5983466787650367,-0.3880718078496237,-0.6188899029355607,-0.6740211434931608,-0.8291522176577701,-0.4918460441144443,-0.7795893332336988,-0.2738203390239859,-0.5853370157043233,-0.543246826756469,-0.7553933728766766,-0.8315291582778759,-0.8847203702560865,-0.15740671096079295,-0.7230171487303576,-0.8983616235887663,-0.5941514476645483,-0.49094651821112767,-0.7454939567869147,-0.7008814172858975,-0.6782128273903375,-0.6349820614512952,-0.687234887969719,-0.851246439886495,-0.8094385579839918,-0.4556510670073963,-0.6367717333899332,-0.5627046439304592,-0.09375561371664765,-0.5887742211306205,-0.8978951280138685,-0.8008990447730555,-0.8581425951819578
41,-0.463386150269862,-0.46812863299454044,-0.63755169716927,-0.711554334033343,-0.7360945601092299,-0.6652988788279752,-0.6501258112284672,-0.7199184403127044,-0.7244730555165154,-0.7378430193814123,-0.8867366149139186,-0.6820520469654103,-0.6186751736969592,-0.7620992584239219,-0.6764986149347287,-0.44300527953178875,-0.694851261145501,-0.7325157011813411,-0.2043231507523553,-0.6904713423694658,-0.679965937093652,-0.567586773002375,-0.6156433175764947,-0.5920277589430234,-0.4289595491397562,-0.6769067341291622,-0.3656278847513893,-0.6565041575869769,-0.39867667364910103,-0.7450493361833526,-0.6799043368093075,-0.753458522274694,-0.5123103944996149,-0.550075135994229,-0.20134392248286342,-0.6259768334853687,-0.5346288485083287,-0.7418530097065428,-0.7937352845836256,-0.7178119532156312,-0.22906928796154358,-0.6281468939990223,-0.7802820134679137,-0.594839350432271,-0.4566590474848924,-0.4621957606821054,-0.6811574028917188,-0.8092367859180304,-0.6868859995509374,-0.46420588078719216,-0.821703681745019,-0.7853526884522051,-0.46324037737035034,-0.5656957244756861,-0.5791326330444512,-0.3054827306121261,-0.685681006258191,-0.8528346517493621,-0.7934371785353677,-0.689157555566452
42,-0.3976343020584591,-0.4102363926668574,-0.572142375724147,-0.21400730037707874,-0.7454593117116872,-0.807386823811384,-0.5289398494733298,-0.543704267280959,-0.4673103283311437,-0.7374469873581276,-0.736739265971275,-0.45596454293318106,-0.8282802754468308,-0.4036505204198784,-0.736529784917208,-0.39672599652048207,-0.1524751720949325,-0.043043068069227114,0.008589494248573436,-0.3775744160151287,-0.6126247072859742,-0.3334484043979825,-0.30943195612638186,-0.6819304307772613,-0.3583751316635411,-0.529967517791018,-0.25892766973527587,-0.9006262692886537,-0.5917736050812505,-0.3111716845147989,-0.490950010302478,-0.6841167453853029,-0.33672626819485085,-0.6210054029802963,0.1463039436731803,-0.43722745756895814,-0.552223887431615,-0.8753223038121479,-0.5462848694486396,-0.27900434067378865,-1.8898564810217418,-0.8914534606393248,-0.8193602386420779,-0.20307872421415657,-0.3371571274537492,-0.4370136988061222,-0.7393289525904921,-0.07765738883369734,-0.7012795286037794,-0.2178230508630394,-0.3368085447829267,-0.15754926304759428,-0.5383346062248432,-0.7408789165713825,-0.7678934491385566,-0.6236621910412601,-0.2945840575847743,-0.7578857910491523,-0.7481329906636915,-0.3432817434879314
43,-0.5681507617533641,-0.7540963373718027,-0.62142968132012,-0.4937693067753124,-0.7435863613911957,-0.9739078810273898,-0.6259618430235154,-0.6730310433949006,-0.46810281747501226,-0.6653691591203184,-0.8154324564264057,-0.6424867337597703,-0.5964241013243614,-0.7024664229196127,-0.6018141672399907,-0.586003064117287,-0.570698534573562,-0.4292380806266443,-0.4788309254943557,-0.5019981937768366,-0.7155893293117735,-0.6405151173217759,-0.7173677698548373,-0.5385216705157263,-0.39589632200616076,-0.564046793869443,-0.33483725127531083,-0.5635218411471086,-0.7168226476334207,-0.737243063866623,-0.572622576338397,-0.7791308595200032,-0.8999051907947466,-0.8343728727757832,-0.021347547336778874,-0.7202010035999405,-0.7971181026496021,-0.984128793572152,-0.5423065669545081,-0.84810820135689,-1.8898564810217418,-0.959693468428531,-0.8157692665990466,-0.47480031746464857,-0.41203491278971877,-0.9663616244908495,-0.7900682649813143,-0.5774251669844199,-0.7850236976384961,-0.3844136530866371,-0.3612305581798802,-0.38269978258386006,-0.7827902873894691,-0.7712558000492558,-0.6586956391455503,-0.5499462982845473,-0.5201215881885825,-0.7755881210102085,-0.8334114619515525,-0.7449917938019845
44,-0.5606988856227384,-0.2565225131761126,-0.1244109641420383,-0.010071877396188398,-0.5300700248551671,-0.524338615947609,-0.02003203424782801,-0.25104447113466843,-0.2733486103692955,-0.23448631778660137,-0.491792856244741,-0.06493592800471172,-0.3102753106127535,-0.01261553350637656,-0.17261493618415402,-0.33484695519075725,0.1052180108464454,-0.042397796536132015,-0.2028989859028507,-0.15025164904964544,-0.4882387098731981,-0.2747218955513071,0.2316279494867416,-0.18637694900583968,-0.2547274870537308,-0.03426895665028995,-0.01626089501291478,-0.48237996949733564,-0.6425885870370796,-0.6012628364139133,-0.38851323256251175,-0.645211244611484,-3.287685593736456,-0.08441504988651108,0.34103453536883366,-0.3604633573158723,-0.6814935611537197,-0.6011299496169374,-0.4830298597919472,-0.37376524841288594,-1.8898564810217418,-0.4939970250280464,-0.22790601978986433,-0.534647858256529,-0.07798418696426553,-0.09285885316768722,-0.6439962163519618,-0.14959892574412814,-0.16479344572512444,-0.05123244863944169,-0.36162446162176665,-0.0345018860917279,-0.37696190166518817,-0.3875633203918466,-0.16714443546021795,-2.5671240026335718,-0.13175091735762928,-0.25846551245087374,-0.5666497439542122,-0.19307281938525972
45,-0.9197039768569982,-0.9422461184367726,-0.9788778041469888,-1.0764914067359892,-1.0577737776536418,-0.9690212585808704,-0.8987217871551691,-1.0800754781758328,-0.7121894737865515,-0.8570486583900968,-0.9957248364362828,-1.0602347809829573,-1.0783823289148302,-0.8627907675541485,-1.0844269589888995,-0.8678386977367053,-1.0074626634022548,-1.0809623290526948,-0.9352757597605611,-0.8269700015173308,-0.853230542433618,-0.8220683113379685,-0.8580173951988722,-0.9071537332270473,-0.7815101395867455,-0.7756038583562894,-0.5445793882212712,-0.7714261217261399,-0.8401042125523447,-1.0638474249891499,-0.8958521385313984,-0.9249603216041808,-0.8733015352940248,-1.1134805900217717,-0.4163838396927874,-1.0570599376517165,-0.8574439503865843,-1.2278553306345612,-0.7742416023623807,-0.8685679428005586,-1.8898564810217418,-1.0362554283871523,-0.8970942216912259,-1.051950739584048,-0.7279334482306944,-1.0162011219537326,-0.8709653095255545,-1.1411409779444144,-1.1357024054713731,-1.0313145430296733,-1.035593250689305,-0.9900825794723911,-0.897828254996352,-0.9715072940441679,-0.8758027893971322,-0.6561631277838362,-0.9761535182006778,-1.0604347031108379,-0.8667233647983733,-0.8329430717305226
46,0.8753214793143016,1.5995226745708995,1.0059726613955084,1.2104244995267979,1.873393473915526,0.3300685241245827,1.2734725061778542,1.5080057824629296,1.5628487359743295,1.4589466137786316,1.0728346628983525,1.136410854784725,1.0781916054373508,1.7294453331932746,0.42060646797341744,1.2870079179807667,1.650907722004838,0.7248300563139414,1.8215513476678544,1.3260338491188035,1.8821962493851188,1.5757388832057018,1.7362156390526355,1.447114157574031,1.8583470740236936,1.9945544400185464,1.1418937245477,0.9572788176278176,1.2132629278714526,1.0388097958073808,1.3857886575483218,0.678899098051205,1.719122371499391,1.1092894432936455,0.9037223187348016,0.9035854935182718,2.054355450203821,0.5077290771372378,1.4456511893630557,0.9641941591533453,0.9465315861052453,1.039572320751819,1.8390152414490313,0.7689278865781102,1.5148705192736307,1.3110410964183683,1.518498984980821,0.9309143025386232,1.6082276330567709,1.2834385210444759,1.3439774417461128,0.5498422529837897,1.5559156165629568,1.8511834998075325,1.8860320863551874,1.4410893482497964,0.7230611079748257,0.8535626696481934,1.3939556099982686,1.9498748905926597
47,0.5733013231965906,0.01497213111922867,0.053852468247134744,-0.6852400859067765,-0.3217043017004897,-0.010115576960033902,0.2446732538155086,-0.09337915842205415,-0.3850895796547729,-0.30458398590798735,0.3908270122872191,-0.18979789045887466,0.4685122224281706,-0.2016157771812357,-0.1938858231858199,0.9006539036279481,-0.7227797572930639,0.36928544157854165,0.6694019844186805,0.027196607842579084,0.42885652699797344,1.2406523327276124,-0.7918446009871952,0.15021367703099525,0.9589529966030808,-0.2082060410505633,0.7602118125472027,0.3231185246053447,0.2941745585834176,0.9544516917394961,0.9123646306960457,0.3009599476769654,0.9062783742004135,-0.8611879737095405,-0.12209773077031735,0.8286276073887878,1.54014941473145,0.04977465134735387,0.9945116865285314,-0.13524773631958995,1.0031366566544764,-0.03129648440855148,-0.0441327446464981,0.7345327481919719,0.3760726864030108,-0.7790700392882255,1.4580405930334468,0.31645711771909785,-0.24984611740100887,-0.7452302144447566,0.5597156889503975,-0.26803009937818056,0.2549480453976193,0.7213403871499353,0.15400664584664733,1.0604986687135414,-0.34638333659158294,-0.3619973210109895,0.7695573030374608,0.9616582846540296
48,2.067621660214408,1.9024587942166207,2.361143250772632,2.6926783972877355,2.4282550063611272,2.4004928653113984,2.4509167750736918,2.5688975434932333,1.5154975096281782,2.376156779705918,2.028236496311349,2.5602482949513323,1.994045744293477,2.4414548718649427,2.5443863634953052,2.180874069626118,2.7706291936016627,2.4602878445732124,2.4513882523612374,2.1109011392190284,2.244702729000088,2.2432251504237968,2.5284726615163597,2.0599455192122615,1.6354489135724883,2.4375850290380723,1.2921885988418258,1.62104022262553,1.4439187590100848,2.153344030447554,1.9176985473669972,1.859826611335418,2.272478405914405,2.1741084513405826,1.9490552496163764,2.0682925675543045,1.8098203174128402,2.298925690786372,1.7408412344276207,2.5255954798543794,1.2680372331163952,2.286866511903795,2.4184291422746105,1.852374745741464,2.0314516039652184,2.5811613422882638,1.6828657715989768,2.680796613379296,2.48623290528013,2.645744847639317,2.0297633340702417,2.607089674513996,2.1690520064121412,2.2133467319514977,2.304784750045182,1.9764127483648382,2.612867339682558,2.6656375365708413,2.161461851589018,2.5768983270607206
49,1.6941511623736394,1.9493714717235362,1.6204517797602545,1.341303259945774,2.3079179482695498,1.9554343286437896,1.8768394698408952,1.9330838314430172,1.9054021684115465,1.7646833357543938,1.1799756264288122,2.1306820372900965,1.1017777421523043,2.2892770894577716,1.8660814113310698,1.6406024398649082,2.1508043337217186,1.0090721666423328,0.5778993928380141,1.4856322813532308,2.02054756334852,1.8451899237963303,1.857143176710053,1.9383124926129982,1.496137563290485,1.8104378315948475,1.262007680880125,1.437513328379048,1.2114954502382067,1.5447066049786662,1.172263347191703,1.1756720569114625,2.212313215782003,1.793218684313774,1.0482769297481391,1.5803137184944935,1.8949228526132258,0.8883099990977854,1.627857443594283,1.6630558537291877,1.0321362987092548,2.0431997523833134,2.3121786165308023,1.786336080040079,1.4218405435531838,1.8760636097607382,1.5466557301667134,1.7976881820295145,2.265095958922831,1.750125745497966,1.8970178741545427,1.2818432444063472,1.9337833851605652,2.129294190289421,2.2619431313753595,1.3855080361393035,1.1010223543163722,1.8180714354051266,1.7614525222043949,1.8564884213314592
50,0.027999328696689075,0.3508469392272522,-0.24878080069262404,-0.27736923994499557,0.15542979244471508,0.4913270648597212,0.5053512138446867,-0.33399909645078246,0.2282970176995497,-0.3532959247720014,0.5485828447958616,-0.22165567511796164,0.7528809273499707,-0.12080187988577863,0.038675874699060746,0.4404610332346169,-0.5380761735272492,-0.1501581425630137,-0.5019736042988044,0.12484564861759051,1.2351760325862162,0.9569994566642582,-0.7526599267677316,0.5536869136019517,0.8025527873531519,-0.22458179708824802,0.26512281487243594,0.6800731101891088,1.0961675346688906,1.4276125202277217,0.6846504423416611,1.079334626423911,0.8252395466751377,-0.5330634052943186,0.19289592573533046,0.8623436043626919,1.2963324467944803,0.20210373701135945,0.6861932432333316,-0.20201110313577228,0.5525268339571492,0.35550785242587524,0.3371439928635895,1.4437605017141422,0.43708421519528196,-0.4039622425938944,1.30239239248808,0.3612902494169023,-0.540333703740183,-0.5848672982855923,0.8712933114824973,0.04560981039443168,0.41991568644498944,0.597768404846742,0.4265179946787519,-2.5671240026335718,0.12005801790991892,-0.2799228821006387,1.105874274178963,0.38701032830071613
51,1.430267078218542,1.874510816127394,1.6374950536579271,2.0126628272801486,1.8612192968323316,1.9779879707046482,2.188042090662245,1.2833584741534532,1.9543383730454345,2.0589351290549005,1.1792367232320506,1.7617483375284133,1.4506745569546382,2.1918442052184903,1.6391919499799668,1.266208240222876,2.212293963895344,1.605303063222205,2.1224061721256886,1.9434277843414554,1.9782965632758647,1.664020563171292,1.7209050709801297,1.9796863865713152,1.3880319554716507,1.8276987636345692,1.417180279289273,1.467114440354287,1.4726402705503356,1.863756509020487,1.7463938008086082,1.4763295322792047,1.5431289581869236,2.127686609939132,1.4034910152134212,1.679956530979871,1.4880824628156022,1.3254702957335351,1.5220345972503821,2.3279974506484216,1.2047399374775996,2.17335508431297,2.2471186524570586,1.9951145700439377,1.5478974212231662,2.0733230944559384,1.5080652672215815,2.2039667165623342,2.075363075953551,2.2993298103052,1.6464952851148267,1.4855259237077598,2.007679301852486,1.8632752689589192,2.2348852669523134,1.755029556060333,2.0720729531138664,1.2923658789858858,1.8787104202252038,1.3860973169046713
52,1.3719671061377645,1.5595969915862904,1.291102027413333,0.027668294259018983,1.1527758381064286,1.0401323550072796,1.526828051599471,1.571896301339937,1.746111850493951,1.2771679150909698,0.575552811477667,1.1960157422114033,1.2268287688863042,1.5567382139731443,0.6162986283887438,1.1242504395252724,1.0679297015800815,0.6096490876564664,-0.12207763069346808,1.1050110202678376,1.8862201541539425,1.6010718870219145,0.27704065139671574,1.7348649238254843,0.9786423341096038,0.7314082851117274,1.1879272458832235,1.5057700101101874,1.2265190101207994,0.9486599413109547,1.3349163388734062,0.9483263074916645,1.618028480596648,0.6436293571859276,0.32988431743943025,1.0444701951592286,1.117868480572575,1.0203285400065907,1.2833364476024858,0.7192156760778382,0.7440917771459263,1.1980222900574875,1.8943584576416312,1.9012158422497805,0.9882048843684448,1.4679043568541792,1.5173555638565206,0.3324441259214155,1.4032288859405373,-0.1469831218801077,1.347916476164976,0.1964082978977912,1.2463516412319355,1.9066286851846217,1.8898974955584797,1.506091221734949,0.0409959604784742,1.0413146540836362,1.9130883039631228,1.1889481040199146
53,0.9669357211555228,1.0884739323679038,1.2514879313268499,0.719109787795247,1.61305337936721,0.7582118292465478,1.0457454118827012,1.7903606562097027,1.0621937193353197,0.745296907819663,1.1936453355689054,1.3779134159100606,1.3812512111521331,0.5358110356398098,0.9968111625296562,1.15700993199395,-0.6188106497857503,2.3593028496438286,0.6800832207899646,0.5128168375032534,1.5608756185804686,1.0790584750514662,-0.6384794191083675,1.3652996153857802,1.9044126938502761,0.38973034832543985,1.6491770325100226,1.6440246154533624,0.845185710747927,1.2274194075890095,2.018751044326694,0.8938056737542037,1.2554001917714246,0.27975132085902965,0.7129739477282208,1.9256016517897454,1.3814349819948657,1.3041925821804679,1.466736192581953,0.20233799750094397,1.7576850355028468,0.8308577603428816,1.346840837904154,2.012312139237007,1.202753690162755,0.6132881319380046,1.6188341886381645,1.7313073436242377,1.167698410530396,-0.07380781062301339,1.4018812477034055,1.2080148182328272,1.4396793367935024,0.9847050176911083,0.8916555688082537,1.4693510323737757,0.8209592668632919,1.1110511054453722,1.8677841160914468,1.9829801468916042
54,1.7314105430267674,1.707322018629344,2.3841747019857036,2.72418624701823,2.150590121348265,2.6053551140308646,2.234173302689881,2.409171246300715,2.1518662921546916,2.2870495744668684,2.3289700973933978,2.384002808853481,2.2877598996117685,2.5147739319112237,2.2645560278289443,1.4055660812007438,2.784241401808038,2.231861721857547,1.9824819756618675,2.2794244837823543,2.3879063987141307,1.4782452018523973,2.551568264202004,2.050924143837891,1.4693897840363406,2.1516731803801163,1.3955353785288613,2.0107301555701467,1.8446943123486654,1.4427214343891335,1.8557519824499236,2.436792541178445,2.072337059147436,2.766059012813738,2.0012223406432286,1.7491947390512819,1.652183131957274,2.562962772603982,1.9194670164141299,2.6591222134867443,1.3238057755294308,2.5022386340482656,2.536931219694643,2.145765276175223,1.763202568283496,2.779994705850713,1.7067346875687435,1.809157122696395,2.6410723844849455,2.79287393091156,1.9801315003925617,2.589287075294849,1.6953192648087978,2.173237448912752,2.3218569740263892,1.4900762673980268,2.519430362718124,2.4355072470771124,2.2182253340400004,1.6924444647456467
55,2.400326012164106,2.211882837347341,2.4458989912367346,2.769543701025864,2.507855394982015,2.3760597530788017,2.25687278797332,2.5292235922550916,2.178612800760258,2.554767222207303,2.502242897034038,2.8603280730304728,2.5832541407198675,2.41212724784643,2.93009844779218,2.263552788713733,2.591792940959286,2.5264281767154597,1.9988598714311696,2.2678745972390733,2.2630470007403165,2.095833128220376,2.8902172698735265,2.3271648794392865,2.2086686828661706,2.6212590494607526,2.0000683110344415,2.26634446368574,2.4606602675349736,2.461565879340363,2.252348425997225,2.555626349664463,2.3138163936924494,2.688785388617534,2.0115761144348174,2.2796196200157404,1.7336948428876013,2.760748791767723,2.1120168571300995,2.6149722451083015,1.7275700225998074,2.4336657481722828,1.8926685884449108,2.1980458865221535,2.2081833464585334,2.5150584298638083,1.9580014796337162,2.744049558875424,2.58437060336769,2.7029617133563004,2.1869308073828937,2.513887831543169,2.3020646564575995,2.363756543346792,2.0055376542236396,2.0105622833479795,2.7142353067341602,2.882356970033467,2.2587326079017345,2.290809619641487
